Index,Organization Id,Name,Website,Country,Description,Founded,Industry,Number of employees,UpdatedAt
1,2oeBAZR54r,"Burgess, Fields and Sharp",http://www.mayer-wiley.com/,Hungary,Right-sized multi-state success,1991,Civic / Social Organization,1236,1989-07-10 21:36:15.428328
2,n8Q2Uo1jiP,Foster-Wilson,http://gibson-brady.com/,Isle of Man,Persistent national data-warehouse,2002,Non - Profit / Volunteering,364,1983-08-23 21:57:15.657932
3,0MMqTcaTBz,Padilla-Mcdaniel,http://www.ayala.com/,Azerbaijan,Customer-focused eco-centric productivity,2023,Financial Services,5510,1988-03-29 11:58:38.231138
4,PDhVfgImER,Lutz-Norton,http://lucero-lowe.com/,Macao,Inverse attitude-oriented customer loyalty,2003,Mining / Metals,9280,2008-07-09 12:46:05.696697
5,777KQl5sKc,Rocha-Robles,http://reed-contreras.org/,Gibraltar,Ameliorated hybrid info-mediaries,2023,Luxury Goods / Jewelry,4599,2004-12-13 15:28:50.996154
6,PDhVfgImER,Lutz-Norton Co.,http://lucero-lowe.com/,Macao,Vote effort point.,2003,Mining / Metals,9280,2011-10-27 16:40:46.256741
7,E1YMiTKiU7,"Larson, Cooper and Aguirre",https://www.herring.info/,Italy,Inverse cohesive analyzer,2000,Commercial Real Estate,9610,2003-02-22 07:54:56.830977
8,ER9edW8EyQ,Gallegos-Chase,http://hammond.com/,Tokelau,User-friendly fault-tolerant extranet,1996,Wine / Spirits,1043,2009-04-09 22:33:20.403443
9,777KQl5sKc,Rocha-Robles Investments,http://reed-contreras.org/,Gibraltar,Scene area firm gun our agree.,2023,Luxury Goods / Jewelry,4599,1981-08-04 22:01:53.760247
10,n8Q2Uo1jiP,Foster-Wilson Asia,http://gibson-brady.com/,Isle of Man,Relationship amount floor up see bar.,2002,Non - Profit / Volunteering,364,2021-12-02 14:51:17.558368
11,PDhVfgImER,Lutz-Norton Resources,http://lucero-lowe.com/,Macao,Work look why someone field entire.,2003,Mining / Metals,9280,1986-02-08 20:36:14.762516
12,EpvirMHRUN,"Edwards, Small and Rowland",https://www.macias.com/,French Guiana,Reverse-engineered zero tolerance contingency,1993,Photography,7488,1971-12-26 07:31:49.521017
13,RvqVgn64cz,"Blackburn, Clarke and Steele",https://www.gay.biz/,Samoa,Cloned asynchronous standardization,2024,Supermarkets,5373,1977-09-10 09:25:29.990575
14,OlsBdWUOhY,Colon-Arnold,http://www.atkinson.com/,Cote d'Ivoire,User-centric hybrid concept,2006,Judiciary,9572,1981-10-29 22:55:55.187058
15,lK0Mkg55Q5,Wallace LLC,https://jennings.info/,Zambia,Expanded full-range algorithm,2004,Tobacco,154,2016-04-05 18:58:37.749449
16,RvqVgn64cz,"Blackburn, Clarke and Steele Works",https://www.gay.biz/,Samoa,Win close market never.,2024,Supermarkets,5373,1974-09-05 08:58:58.696388
17,UXRNCFT37Q,"Jarvis, Christian and Quinn",http://spears-huff.com/,Jersey,Visionary explicit implementation,2015,Military Industry,5383,2006-10-23 17:09:22.211093
18,lc72ir18z3,Crane-Douglas,https://pierce.net/,Gabon,Customer-focused mobile capacity,1994,Program Development,5542,2017-05-03 00:21:05.414142
19,lc72ir18z3,Crane-Douglas S.A.,https://pierce.net/,Gabon,Court body speak.,1994,Program Development,5542,1982-02-17 20:06:41.257494
20,zHRTiGO9lG,Hawkins Group,https://www.griffin-greer.com/,Macao,Synergistic local knowledgebase,1978,Veterinary,5707,1982-05-13 10:15:40.764352
21,DfZFo64Sx5,Manning and Sons,https://navarro.com/,Slovakia (Slovak Republic),Devolved actuating core,2005,Glass / Ceramics / Concrete,891,2023-02-25 12:16:20.699749
22,TtQTdirZLs,"Jimenez, Irwin and Mcgrath",https://cox.com/,Mauritius,Integrated mobile leverage,1983,Design,8756,1983-11-05 09:06:13.860440
23,zHRTiGO9lG,Hawkins Group Incorporated,https://www.griffin-greer.com/,Macao,Month I cut evening.,1978,Veterinary,5707,2000-11-30 04:11:28.692839
24,777KQl5sKc,Rocha-Robles Resources,http://reed-contreras.org/,Gibraltar,Especially spend product evening name source.,2023,Luxury Goods / Jewelry,4599,1986-06-10 18:24:27.362728
25,EwSW24Meey,"Callahan, Robles and Garza",http://andrews.com/,Uganda,Balanced web-enabled infrastructure,1990,Law Practice / Law Firms,3478,1980-02-18 07:28:40.537182
26,DfZFo64Sx5,Manning and Sons USA,https://navarro.com/,Slovakia (Slovak Republic),Cost life leader.,2005,Glass / Ceramics / Concrete,891,2021-11-17 10:03:14.264923
27,E1YMiTKiU7,"Larson, Cooper and Aguirre Labs",https://www.herring.info/,Italy,Suddenly law everybody note audience result choice.,2000,Commercial Real Estate,9610,1983-09-06 20:30:59.312991
28,NPr5pKHx4d,"Mcgee, Serrano and Haynes",https://www.watts.biz/,Sweden,Reactive bandwidth-monitored hardware,2008,Motion Pictures / Film,6667,1980-09-10 06:43:53.302059
29,MVXux6R4nz,Norton PLC,http://www.phillips.org/,Senegal,Reduced uniform matrix,2000,Mechanical or Industrial Engineering,3670,1983-06-20 17:08:32.743966
30,OlsBdWUOhY,Colon-Arnold PLC,http://www.atkinson.com/,Cote d'Ivoire,Personal certain reduce boy.,2006,Judiciary,9572,2026-04-21 00:50:39.544041
31,mJ4q9Z6Qic,Casey and Sons,https://www.blankenship.net/,Austria,Reduced client-driven paradigm,2023,Accounting,1015,2019-10-19 15:31:03.816748
32,2oeBAZR54r,"Burgess, Fields and Sharp Solutions",http://www.mayer-wiley.com/,Hungary,Summer hope rather.,1991,Civic / Social Organization,1236,1994-12-11 10:48:15.653728
33,hqReyviyvH,Flores-West,http://graves-grimes.com/,El Salvador,Distributed contextually-based toolset,1974,Music,11,1987-11-06 17:52:39.908461
34,dMDsUpTogU,"Kent, Moses and Weiss",http://www.dickerson.info/,Anguilla,Optional contextually-based instruction set,2017,Marketing / Advertising / Sales,1710,1981-04-08 09:32:16.368991
35,lK0Mkg55Q5,Wallace LLC Pacific,https://jennings.info/,Zambia,Whose with whatever.,2004,Tobacco,154,2023-05-03 14:15:08.871533
36,Rf1ByQdgp3,"Mata, Velazquez and Burke",http://www.bell.com/,New Caledonia,Robust eco-centric algorithm,2010,Wholesale,2213,1981-03-11 22:49:01.966551
37,JHPmmpYygP,"Woodward, Daniel and Barnes",http://www.esparza.com/,Australia,Centralized full-range process improvement,2019,Market Research,6741,1999-04-09 13:49:29.811104
38,e2tSrJK4YZ,Velasquez LLC,https://www.mahoney.com/,Albania,Adaptive national matrix,1971,Research Industry,3242,1975-06-27 19:13:46.177314
39,n8Q2Uo1jiP,Foster-Wilson Australia,http://gibson-brady.com/,Isle of Man,Son green owner audience common.,2002,Non - Profit / Volunteering,364,1992-11-20 11:21:15.649985
40,hqReyviyvH,Flores-West Enterprises,http://graves-grimes.com/,El Salvador,Bring standard throughout air different.,1974,Music,11,2007-09-23 21:35:25.068869
41,VOE8ojkHJe,Scott-Crawford,https://www.copeland.com/,Macao,Object-based multi-tasking monitoring,2014,Events Services,7431,1970-06-10 08:25:33.550671
42,FiPvhNFXLB,"Thomas, Hammond and Dyer",https://chavez.org/,Norway,Compatible fault-tolerant forecast,2021,Wholesale,4380,1998-08-06 12:33:02.986030
43,IJWkjFwheU,Byrd-Booth,http://downs-cooley.com/,Puerto Rico,Re-contextualized contextually-based info-mediaries,1972,Entertainment / Movie Production,5853,2006-02-28 14:14:34.841611
44,E2OCqyMh3E,"Ali, Werner and Bauer",http://www.mcintosh-lawson.com/,Timor-Leste,Triple-buffered grid-enabled utilization,1980,Information Technology / IT,4488,1975-01-31 02:14:00.529299
45,gd3tdjod5B,Ibarra Group,https://www.woods-may.net/,Antarctica (the territory South of 60 deg S),Programmable motivating contingency,2018,Internet,3375,2001-08-29 03:34:42.449524
46,EP0JcmZHjH,Nelson Ltd,http://www.mclean-cohen.biz/,Burkina Faso,Inverse disintermediate architecture,1980,Consumer Electronics,8773,2003-10-04 07:45:53.660489
47,OQd6YTVmJe,Rowe Group,https://owens.biz/,Lesotho,User-friendly explicit approach,2008,Apparel / Fashion,716,1986-11-26 23:59:03.563198
48,0BUghzhhsp,Mcguire and Sons,http://www.chen-leblanc.info/,Libyan Arab Jamahiriya,Virtual systemic frame,1987,Medical Practice,9291,2015-10-15 10:11:02.274115
49,j9yW5KrJDP,Roy-Avila,http://www.gaines.com/,Hungary,Versatile fresh-thinking process improvement,1977,Think Tanks,5910,2008-03-04 22:39:25.063818
50,E1YMiTKiU7,"Larson, Cooper and Aguirre Labs",https://www.herring.info/,Italy,Method ready stay.,2000,Commercial Real Estate,9610,1989-08-29 15:20:24.520505
51,y5o6mX5dnl,"Levy, Schultz and Blake",https://www.duncan.com/,Spain,Open-source intangible hierarchy,1982,Leisure / Travel,5247,2017-01-10 19:13:38.083964
52,lS7fr4lyiL,"Mccann, Montes and Obrien",https://www.valdez.org/,Moldova,Proactive even-keeled circuit,2025,Government Relations,7161,2003-01-31 20:22:00.847389
53,CcEz7fxnvc,Dunn Group,https://www.solis.com/,Anguilla,Profound 3rdgeneration encoding,2017,Law Enforcement,4699,1982-02-17 15:10:08.164593
54,gPst9Fpq1D,"Booker, Crosby and Bowers",http://www.bass.com/,Gibraltar,Decentralized bifurcated policy,2011,Plastics,313,1982-08-04 10:24:07.899513
55,VOE8ojkHJe,Scott-Crawford Co.,https://www.copeland.com/,Macao,For hold stop for particular far model.,2014,Events Services,7431,1998-03-24 21:48:30.956433
56,cIxpK3GyxJ,Gibson Inc,http://www.holt-ellis.com/,Burundi,Progressive disintermediate architecture,1974,Security / Investigations,6778,2000-11-21 13:44:20.077804
57,EO9nJQJquu,Rangel-Schaefer,http://navarro.org/,Turkey,Triple-buffered content-based infrastructure,2000,Human Resources / HR,4549,1984-02-17 05:24:48.602410
58,haf7GZH5mE,Adams Group,https://ruiz.com/,Panama,Distributed leadingedge archive,2007,Law Practice / Law Firms,5291,1984-12-25 02:09:18.182021
59,Mwi6nRYQFa,Kirk and Sons,https://www.nixon.net/,Liechtenstein,Devolved tertiary ability,1984,Investment Banking / Venture,4266,1990-11-27 23:58:47.077595
60,j9yW5KrJDP,Roy-Avila International,http://www.gaines.com/,Hungary,Writer difficult increase over.,1977,Think Tanks,5910,2014-03-20 21:15:18.871798
61,cIxpK3GyxJ,Gibson Inc Design,http://www.holt-ellis.com/,Burundi,Bit air enjoy relate look carry bank.,1974,Security / Investigations,6778,1970-03-19 05:57:23.060608
62,zZB5kqSvpq,Norman-Martinez,http://www.stephens.com/,Aruba,Decentralized clear-thinking Local Area Network,2010,Writing / Editing,9480,1979-03-23 11:31:29.073897
63,MVXux6R4nz,Norton PLC Studios,http://www.phillips.org/,Senegal,But rate decide total let lead school.,2000,Mechanical or Industrial Engineering,3670,2015-02-18 02:41:38.566350
64,sO71aVZvXt,Garcia Group,https://www.horne-ballard.net/,Martinique,Innovative zero-defect hub,1970,Venture Capital / VC,8825,1994-10-02 08:05:45.991901
65,Yc8uwh8XFZ,Dominguez-Mendez,http://montgomery-braun.com/,New Zealand,Enterprise-wide full-range success,1991,Machinery,5263,1987-03-11 02:06:17.200495
66,KwoSB4jGjX,Strickland-Watson,https://delacruz.biz/,Vietnam,Assimilated composite conglomeration,1983,Automotive,1171,2003-04-20 08:07:59.296874
67,rZLewoQxbb,Marshall Group,https://www.callahan.com/,Argentina,Business-focused zero-defect initiative,2025,Building Materials,8230,1972-11-10 09:34:39.860778
68,7rPFuYXWDF,Burton-Huynh,https://www.pollard.com/,Congo,Re-contextualized demand-driven protocol,2024,Defense / Space,1301,1974-01-17 23:52:02.750488
69,0huNFYcrBr,"Archer, Payne and Schwartz",https://www.duncan.net/,Tonga,Total client-driven support,2024,Alternative Medicine,8175,1994-01-06 08:05:33.387143
70,Q3E2Cr0PR0,"Lucas, Salazar and Conrad",http://www.barnes.info/,Cambodia,Integrated systemic emulation,2011,Legal Services,7758,1974-05-10 15:17:59.969625
71,MKD7wKFu0t,"Copeland, Webster and Munoz",https://case.biz/,Switzerland,Versatile context-sensitive access,1985,Banking / Mortgage,5264,2011-05-29 04:59:39.204040
72,E2OCqyMh3E,"Ali, Werner and Bauer Security",http://www.mcintosh-lawson.com/,Timor-Leste,While general start team eat door.,1980,Information Technology / IT,4488,2006-08-16 05:50:59.639324
73,zNWxLfHtKc,Nelson-Grimes,http://www.franco-proctor.com/,Slovenia,Expanded heuristic conglomeration,1979,Business Supplies / Equipment,6124,2021-01-31 09:26:33.449470
74,ch2KxClZWy,Zamora-Castro,https://moody-mclaughlin.com/,Comoros,Synergized motivating knowledgebase,1982,Security / Investigations,6515,1970-06-19 01:00:56.993786
75,oYcCiLyrxv,"Weiss, Benjamin and Dunlap",http://novak-jacobson.com/,American Samoa,Profound human-resource artificial intelligence,2014,Plastics,9484,2000-02-17 06:04:45.191078
76,glJNi0Zf45,Alvarez PLC,https://www.li.biz/,Nigeria,Streamlined stable concept,2001,Food / Beverages,4489,1997-07-19 13:39:40.883535
77,tulgYBsSit,Walton PLC,https://www.marshall.com/,Korea,Object-based encompassing open system,1987,Wine / Spirits,5408,2014-05-03 14:16:02.429851
78,22XT95Gz9o,Hines Ltd,http://acosta.com/,Uruguay,User-centric dedicated encoding,2022,Electrical / Electronic Manufacturing,6143,2024-05-22 09:38:54.747094
79,777KQl5sKc,Rocha-Robles S.A.,http://reed-contreras.org/,Gibraltar,They bag still week authority certain area.,2023,Luxury Goods / Jewelry,4599,2014-07-09 12:15:20.237848
80,E1YMiTKiU7,"Larson, Cooper and Aguirre Dynamics",https://www.herring.info/,Italy,Doctor listen wide sea win budget local.,2000,Commercial Real Estate,9610,2019-09-05 14:38:14.513339
81,G5TV3mRrqi,"Horn, Golden and Pope",http://www.sandoval.info/,Guinea,Phased asynchronous utilization,2003,Mining / Metals,7397,1994-10-29 14:53:28.156900
82,lc72ir18z3,Crane-Douglas Design,https://pierce.net/,Gabon,Kitchen recently meeting hard low policy.,1994,Program Development,5542,1985-03-11 04:16:48.457178
83,G5TV3mRrqi,"Horn, Golden and Pope USA",http://www.sandoval.info/,Guinea,Expert store herself hour street glass.,2003,Mining / Metals,7397,2006-02-05 22:43:22.897490
84,0huNFYcrBr,"Archer, Payne and Schwartz S.A.",https://www.duncan.net/,Tonga,Speak purpose college town enter.,2024,Alternative Medicine,8175,1989-05-28 02:22:58.516321
85,PYfmKucAoZ,"Walker, Mora and Finley",https://www.york-copeland.com/,Tanzania,Configurable context-sensitive monitoring,1994,Photography,8235,1973-04-10 10:13:42.466118
86,UXRNCFT37Q,"Jarvis, Christian and Quinn LLC",http://spears-huff.com/,Jersey,Right piece oil country animal member.,2015,Military Industry,5383,1987-11-08 12:25:57.021753
87,lK0Mkg55Q5,Wallace LLC Network,https://jennings.info/,Zambia,Fight year office already member me arrive.,2004,Tobacco,154,1999-09-20 13:56:56.116913
88,ZOOQql14dy,Shelton-Tucker,http://www.curry.info/,Myanmar,Customizable foreground service-desk,2011,Commercial Real Estate,706,1995-06-18 16:27:30.341684
89,WX8A5UsDLX,"Gardner, Booker and Brandt",https://haynes.com/,Honduras,Switchable human-resource workforce,1996,Computer Hardware,6113,2013-10-20 02:19:00.896793
90,U5Vvhyoy8S,Bradley-Blake,http://www.rivas.info/,Nicaragua,Extended eco-centric customer loyalty,2000,Glass / Ceramics / Concrete,997,2018-03-21 13:40:03.524249
91,8KZ0C2VvtJ,Burton Group,http://www.baxter.biz/,Indonesia,Up-sized clear-thinking application,1996,Civic / Social Organization,5136,2013-05-05 10:59:14.084345
92,3w0Lyfd0Zw,Bowers-Crosby,https://www.freeman.com/,Hungary,Self-enabling impactful forecast,1978,Utilities,8876,1977-06-21 12:01:18.756960
93,haf7GZH5mE,Adams Group Software,https://ruiz.com/,Panama,Success stand great also beat test.,2007,Law Practice / Law Firms,5291,1996-01-11 21:34:19.431770
94,NzDra4d3Gq,Sanchez and Sons,http://ramirez.com/,French Polynesia,Realigned context-sensitive implementation,1978,Wine / Spirits,618,1981-11-30 03:47:45.751583
95,Ng4S0X5RqI,Keller PLC,https://frey-barrett.biz/,Sao Tome and Principe,Assimilated responsive parallelism,1986,Government Relations,7210,2001-09-08 19:30:10.253538
96,E2OCqyMh3E,"Ali, Werner and Bauer Pty Ltd",http://www.mcintosh-lawson.com/,Timor-Leste,Front game turn point any certain professional likely.,1980,Information Technology / IT,4488,1992-03-21 15:04:08.514477
97,4KBpiam8k3,Farmer-Blevins,https://meyers-holder.com/,Cyprus,Proactive dedicated Internet solution,1981,Research Industry,854,2006-11-28 00:53:02.447906
98,zutmwU883P,Rivers-Acevedo,https://www.harrell-norman.biz/,French Guiana,Operative 6thgeneration forecast,2023,Plastics,9681,2015-02-27 23:42:11.048303
99,1YUieYhaxb,Alvarez-Watkins,https://zavala.com/,Saint Helena,Front-line bi-directional project,2015,Wholesale,9438,2024-12-11 21:58:20.204938
100,np1yPzdmHV,"Strickland, Serrano and Singleton",http://huynh.com/,Tokelau,Reactive attitude-oriented attitude,1975,Airlines / Aviation,6621,1971-01-31 17:35:39.888204
101,VLGr03MtDa,Wiley Ltd,https://glass-gomez.biz/,Netherlands,Robust tangible budgetary management,2003,International Trade / Development,7589,1971-05-07 14:56:17.453055
102,k53LHKCHZO,Dodson LLC,http://www.hendricks.net/,Barbados,Fundamental zero tolerance throughput,2022,Facilities Services,4961,2016-12-30 07:42:40.435812
103,cIxpK3GyxJ,Gibson Inc Nordics,http://www.holt-ellis.com/,Burundi,Less car page majority way computer hand let.,1974,Security / Investigations,6778,2020-04-22 20:08:55.471033
104,sREEU5tgPy,"Scott, Malone and Griffith",http://vasquez-garza.com/,Tanzania,Organic grid-enabled model,2012,Design,6041,1993-07-19 23:56:20.451656
105,RBHOkxz7k8,Case PLC,http://www.best.biz/,Costa Rica,Fully-configurable 24/7 instruction set,1990,Media Production,5112,2022-09-04 23:51:02.956349
106,2WFX5Mp9pG,Collier Ltd,http://collier.com/,Guadeloupe,Multi-lateral user-facing knowledgebase,2022,Packaging / Containers,1734,1978-12-22 15:28:07.204020
107,yY3SgI0gKI,Tran-Buck,https://www.ibarra.biz/,New Zealand,Versatile 24/7 application,2007,Recreational Facilities / Services,5867,2023-03-14 03:56:47.950774
108,VOE8ojkHJe,Scott-Crawford Security,https://www.copeland.com/,Macao,Fund current fight grow learn open myself.,2014,Events Services,7431,1998-08-29 06:57:34.202374
109,YQUFETMEet,Medina LLC,http://gillespie-irwin.net/,Mexico,Profound modular artificial intelligence,2019,Semiconductors,5993,1982-09-15 16:18:51.845008
110,4R2PsWT5Us,Lindsey and Sons,https://www.taylor-mccullough.com/,Korea,Persistent foreground initiative,2026,Public Safety,3965,1994-03-24 06:31:21.655664
111,roI5ZBt5Dw,Valdez LLC,http://cantu-prince.com/,Andorra,User-friendly multi-tasking definition,1981,Recreational Facilities / Services,1915,2009-11-25 07:45:34.040229
112,JTU62sB6sy,Alvarez Inc,https://www.bryan-wade.biz/,Guyana,Polarized human-resource budgetary management,1982,Real Estate / Mortgage,5672,1970-08-09 23:35:20.805939
113,mbWGYD6Pc9,Horn-Weeks,http://www.mendoza-reynolds.info/,Heard Island and McDonald Islands,Automated well-modulated standardization,1995,Law Enforcement,7924,1972-02-08 13:13:35.598953
114,E1YMiTKiU7,"Larson, Cooper and Aguirre Europe",https://www.herring.info/,Italy,Continue son tell sort take.,2000,Commercial Real Estate,9610,1998-03-01 22:23:33.118569
115,9TMXe1Pfuy,"Key, Myers and Munoz",http://www.grant.net/,Bermuda,Triple-buffered fresh-thinking website,1977,Electrical / Electronic Manufacturing,4568,1980-05-12 12:04:06.383774
116,1sK0CVXjDo,Haney-Le,http://www.valencia-house.com/,San Marino,Operative uniform moratorium,2000,Consumer Electronics,1666,1987-12-19 02:03:56.010030
117,zZB5kqSvpq,Norman-Martinez France,http://www.stephens.com/,Aruba,Arrive food him identify.,2010,Writing / Editing,9480,1986-10-13 23:56:55.347991
118,MVXux6R4nz,Norton PLC India,http://www.phillips.org/,Senegal,Shake market appear often better.,2000,Mechanical or Industrial Engineering,3670,1993-05-08 23:11:26.401851
119,NzDra4d3Gq,Sanchez and Sons SAS,http://ramirez.com/,French Polynesia,Structure onto concern others music.,1978,Wine / Spirits,618,1979-10-09 01:30:41.132580
120,zf8VsrksQf,"Odom, Schultz and Ball",https://www.wilkerson.com/,Hungary,Organic 3rdgeneration firmware,2012,Mechanical or Industrial Engineering,2200,2023-11-08 00:56:25.708732
121,bwqkR1WOn3,"Mcconnell, Rodriguez and Boyle",https://www.grimes.com/,Grenada,Team-oriented logistical attitude,2004,Other Industry,2829,1980-08-11 19:48:34.390002
122,oWEwyMeBWN,"Esparza, Hendrix and Pineda",http://www.mccarty-mcmahon.com/,Samoa,Total cohesive solution,1988,Recreational Facilities / Services,2309,2006-12-08 20:35:05.348143
123,CxViaIGLFg,Booth-Brewer,http://whitney.com/,French Southern Territories,Networked non-volatile data-warehouse,2002,Computer Hardware,3546,1978-08-19 09:01:21.886795
124,RBHOkxz7k8,Case PLC Design,http://www.best.biz/,Costa Rica,Represent small player go arm age require star.,1990,Media Production,5112,2014-09-03 23:39:33.064621
125,dMDsUpTogU,"Kent, Moses and Weiss Industries",http://www.dickerson.info/,Anguilla,Democrat under size make name evening alone.,2017,Marketing / Advertising / Sales,1710,1972-05-12 21:39:33.065142
126,gPst9Fpq1D,"Booker, Crosby and Bowers Canada",http://www.bass.com/,Gibraltar,Still appear put wrong western those.,2011,Plastics,313,1987-09-07 19:21:22.665033
127,Dpcx1PC0Jx,"Williamson, Hays and Washington",https://www.glass.com/,Zimbabwe,Future-proofed content-based toolset,1985,Security / Investigations,5930,1986-08-07 09:43:16.667103
128,S0yFXEuNyz,Maldonado-Branch,https://www.hudson.com/,Saint Vincent and the Grenadines,Open-source motivating interface,1981,Renewables / Environment,3175,1998-01-16 18:22:21.843301
129,DOzDbV8NMI,Hammond Inc,https://www.rich.net/,Niue,Optimized mobile archive,2023,Dairy,1197,1984-11-24 17:10:00.129898
130,2WFX5Mp9pG,Collier Ltd UK,http://collier.com/,Guadeloupe,Call too value approach have seem hair.,2022,Packaging / Containers,1734,2009-05-11 12:10:08.211157
131,zXeGcaDW1i,Chung-Pham,http://barker.com/,South Africa,Multi-lateral discrete forecast,2023,Business Supplies / Equipment,2418,2013-01-03 07:33:13.865021
132,lc72ir18z3,Crane-Douglas LLC,https://pierce.net/,Gabon,Sort administration box strong nice rise.,1994,Program Development,5542,2000-12-04 13:37:06.557766
133,xmw7ZTj5Fk,Mercado-Kaufman,https://www.oneill.org/,Honduras,Implemented disintermediate hierarchy,1992,Sports,4693,1999-07-13 14:30:14.407257
134,2oeBAZR54r,"Burgess, Fields and Sharp India",http://www.mayer-wiley.com/,Hungary,Behind next leg something method practice there Mrs.,1991,Civic / Social Organization,1236,2009-10-23 01:37:44.640606
135,Yt0KQYOTzr,Werner-Whitehead,http://rubio.org/,Fiji,User-friendly client-driven info-mediaries,2024,Building Materials,9001,1988-04-25 06:43:42.082425
136,RiMenINEzE,Brennan PLC,https://werner.com/,Antigua and Barbuda,Diverse tertiary hub,1995,Philanthropy,1514,1990-01-07 12:58:44.569494
137,KivSUmUbP5,Foster-Valdez,https://conley.com/,Botswana,Monitored bifurcated open system,1999,Semiconductors,111,1970-08-17 15:05:47.284340
138,22XT95Gz9o,Hines Ltd Logistics,http://acosta.com/,Uruguay,Particularly successful tree soldier.,2022,Electrical / Electronic Manufacturing,6143,2024-04-21 20:51:34.634175
139,P44NRZLQGm,Fox-Velasquez,http://fernandez.biz/,Spain,Function-based global Local Area Network,1983,Health / Fitness,70,2008-05-16 21:26:12.091639
140,FlyUPZAg9Y,Brewer-Love,https://alvarado-shea.com/,Bahamas,Configurable well-modulated initiative,1973,Education Management,2040,2010-05-29 21:40:41.430012
141,T2IuGCXVzG,"Mcfarland, Webster and Browning",http://rubio.com/,Burundi,Proactive multimedia system engine,2002,Hospitality,548,1990-03-05 17:01:20.149434
142,RbRL2AOapV,"Bennett, Perry and Dalton",http://www.weeks-knight.biz/,Slovakia (Slovak Republic),Re-contextualized 4thgeneration standardization,1977,Market Research,9092,1971-10-04 18:20:32.486592
143,EwSW24Meey,"Callahan, Robles and Garza DACH",http://andrews.com/,Uganda,Activity available shake if present.,1990,Law Practice / Law Firms,3478,2001-09-19 08:58:18.998789
144,UXRNCFT37Q,"Jarvis, Christian and Quinn EMEA",http://spears-huff.com/,Jersey,Prepare region name deal smile position to.,2015,Military Industry,5383,2017-06-15 17:58:46.848408
145,RVdbLcHVzP,"Hardin, Harrington and Mclaughlin",https://bennett.com/,Suriname,Synchronized bifurcated analyzer,1984,Writing / Editing,8207,2024-09-23 02:31:31.790000
146,mbWGYD6Pc9,Horn-Weeks Ltd.,http://www.mendoza-reynolds.info/,Heard Island and McDonald Islands,Owner nation support direction.,1995,Law Enforcement,7924,1979-01-02 02:25:58.385514
147,U3CUVG6Hek,Meyers Ltd,https://kirby.info/,Botswana,Reduced zero administration time-frame,1993,Business Supplies / Equipment,4795,1984-01-28 09:26:47.659884
148,C2Vcip7ZUn,Hudson Ltd,https://www.wolf.biz/,Denmark,Extended regional task-force,1995,Architecture / Planning,3556,1978-04-11 14:45:24.850511
149,gVks1mC6Ij,Horn PLC,http://www.aguirre-fritz.com/,Trinidad and Tobago,Quality-focused real-time circuit,2015,Alternative Medicine,8391,1972-02-24 13:42:50.157882
150,IIIEWXIUto,"Santiago, Spence and Newman",http://wood.com/,Swaziland,Managed heuristic middleware,2026,Human Resources / HR,6731,2017-04-02 19:25:43.485916
151,Q85TO0Uk31,Sanford-Burch,http://may-herman.org/,Latvia,Enhanced national orchestration,2009,Facilities Services,694,2006-06-18 20:28:50.366362
152,zutmwU883P,Rivers-Acevedo Asia,https://www.harrell-norman.biz/,French Guiana,Trouble wife real writer us office.,2023,Plastics,9681,2021-02-16 13:25:49.124795
153,SqANSqCnln,Terry Group,https://www.stewart-forbes.com/,Christmas Island,Open-source bifurcated capability,1972,Consumer Electronics,6002,1986-12-17 15:49:02.362526
154,rZLewoQxbb,Marshall Group Platform,https://www.callahan.com/,Argentina,Fund bag important decision investment.,2025,Building Materials,8230,1997-08-26 17:22:12.510998
155,p5wqVnZp2e,Howe Ltd,https://baker.com/,Paraguay,Expanded cohesive project,1977,Farming,8215,1993-11-17 22:35:58.330897
156,Rjz28Hno4e,"Avila, Vaughn and Reed",http://www.espinoza.com/,Canada,Networked upward-trending portal,1997,Pharmaceuticals,9972,2006-07-12 11:22:36.360832
157,P3fn6Q3KNp,Ewing Group,https://www.osborne.com/,Central African Republic,Fully-configurable empowering groupware,2012,Executive Office,3102,2013-08-24 02:15:42.406667
158,ifvrUSuUDb,Burch Group,https://suarez.org/,Sweden,Optional global initiative,2000,Human Resources / HR,9053,2015-05-16 14:07:08.117901
159,nt8OgpEYYx,Chavez-Allison,https://webb-wolfe.com/,Bhutan,Versatile stable knowledge user,2023,Religious Institutions,9053,2020-10-25 06:02:09.434755
160,xMXlOtKZ4Z,Richards-Shelton,http://cabrera.com/,Solomon Islands,Right-sized foreground software,1980,Online Publishing,4778,2019-09-11 02:33:25.842053
161,nt8OgpEYYx,Chavez-Allison AG,https://webb-wolfe.com/,Bhutan,Team nothing rich save good.,2023,Religious Institutions,9053,1972-01-20 04:22:38.003521
162,KwoSB4jGjX,Strickland-Watson Asia,https://delacruz.biz/,Vietnam,Study wall rest particularly least each.,1983,Automotive,1171,2003-11-24 19:12:28.076641
163,PoBtXj2fFX,"Rogers, Bernard and Williamson",http://gaines.com/,Cyprus,Automated 3rdgeneration middleware,1997,Museums / Institutions,8754,2022-01-08 11:52:48.624505
164,BMS5gqseLw,"Huang, Wade and Dixon",http://landry-little.com/,Norfolk Island,Public-key directional strategy,2004,Computer Games,5196,2002-05-31 20:28:50.408943
165,7rPFuYXWDF,Burton-Huynh LLC,https://www.pollard.com/,Congo,Yourself start sometimes home.,2024,Defense / Space,1301,2025-03-09 23:04:59.125824
166,PYfmKucAoZ,"Walker, Mora and Finley USA",https://www.york-copeland.com/,Tanzania,Food senior because.,1994,Photography,8235,1978-01-20 15:10:26.309323
167,haglQvzRZK,Rosario-Mcmahon,http://www.long.com/,Kiribati,Reduced executive hardware,2005,Philanthropy,9474,2026-05-16 22:48:52.936501
168,1QuQXU6ovj,Villegas Ltd,http://castillo-casey.com/,Palau,User-friendly content-based methodology,2016,Computer Networking,1666,2016-04-20 01:33:30.007828
169,b2ghskzbBM,"Chapman, Boyle and Sandoval",https://www.mayo-mckee.net/,Gambia,Customer-focused client-driven complexity,2007,Automotive,2465,2004-08-14 16:21:48.948285
170,CotJqK5YrA,Mora-Willis,https://arroyo-underwood.org/,French Polynesia,Vision-oriented multi-tasking migration,1995,Translation / Localization,6809,1986-08-29 15:00:59.692680
171,ifvrUSuUDb,Burch Group Media,https://suarez.org/,Sweden,Box which a model sport.,2000,Human Resources / HR,9053,1997-07-24 00:09:09.084089
172,qUHyN0KZqI,Sexton LLC,http://moon.com/,Zimbabwe,Customizable value-added moratorium,2004,Events Services,4761,2025-07-22 14:58:49.249577
173,o3dJKLCafL,Finley LLC,https://baker.org/,Chile,Fully-configurable 5thgeneration circuit,2001,Program Development,1688,2001-06-28 04:28:32.210207
174,hqPkaVU0q4,Landry PLC,http://www.dean.com/,Sao Tome and Principe,Face-to-face national intranet,2011,Online Publishing,5660,1973-03-23 00:30:40.940465
175,HHvxDP6aln,Brady LLC,http://hayden-ramos.com/,Slovakia (Slovak Republic),Visionary intangible initiative,1997,Gambling / Casinos,384,2012-12-04 05:37:33.001525
176,EkCcYIXzbC,"Suarez, Berger and Underwood",http://www.ferrell-carrillo.biz/,Cuba,Quality-focused needs-based help-desk,1988,Health / Fitness,9283,1988-09-08 08:55:53.777544
177,FlyUPZAg9Y,Brewer-Love BV,https://alvarado-shea.com/,Bahamas,Probably special wrong same.,1973,Education Management,2040,1990-02-22 21:57:05.679674
178,N9N4ltORke,Clayton Group,http://www.woodward.com/,Jersey,Seamless user-facing middleware,2020,Shipbuilding,7279,1983-09-13 02:39:49.820588
179,GIAB8pVm8P,Hopkins-Nixon,https://www.huff-moreno.com/,Burundi,Object-based foreground focus group,2009,Architecture / Planning,9454,1976-12-02 18:27:12.456892
180,rFPFVE7mto,Brooks-Mercer,https://www.terrell.com/,Central African Republic,Function-based hybrid archive,2025,Human Resources / HR,2368,2016-08-04 13:21:49.702574
181,S0yFXEuNyz,Maldonado-Branch Studios,https://www.hudson.com/,Saint Vincent and the Grenadines,Itself need discuss partner property.,1981,Renewables / Environment,3175,2005-03-14 05:54:57.561265
182,1dPSkh1ov1,"Turner, Jefferson and Houston",https://mora.com/,Poland,Customer-focused web-enabled frame,1988,Wholesale,5800,1986-11-02 21:09:34.957419
183,Er93fNqDz4,"Willis, Bolton and Mathis",https://www.sanders.org/,Russian Federation,Re-contextualized encompassing support,1994,Sports,9185,2009-08-17 04:48:57.148113
184,TQImkUBf6V,Velazquez Group,http://whitney-reed.biz/,Bulgaria,Extended tertiary focus group,1981,Staffing / Recruiting,6156,1997-07-15 01:31:13.122922
185,1e4lR5rTAO,Erickson LLC,https://glass.info/,Guinea-Bissau,Balanced coherent toolset,2021,Legislative Office,4410,1991-01-08 12:20:23.302339
186,zXuFsd7G0i,Frye-Ware,https://www.fritz-salinas.com/,Estonia,Virtual encompassing forecast,1976,Supermarkets,4043,2007-01-29 15:04:47.761569
187,xPrW9b80Wl,"Hunt, Golden and Medina",http://garrett.com/,Mexico,Visionary transitional Graphic Interface,2000,Law Practice / Law Firms,4168,2014-03-03 21:34:16.667531
188,KEDu9uGZWE,"Bowers, Farley and Carroll",http://www.kennedy-lynn.com/,Slovakia (Slovak Republic),Progressive actuating concept,1999,Industrial Automation,7247,1974-08-21 21:55:02.776515
189,mJ4q9Z6Qic,Casey and Sons Co.,https://www.blankenship.net/,Austria,Outside notice term risk without mouth son edge.,2023,Accounting,1015,1993-11-01 04:44:22.165338
190,b3AvO3698s,"Shields, Hamilton and Ballard",https://www.york.com/,France,Self-enabling bandwidth-monitored attitude,2016,Package / Freight Delivery,8040,1976-04-04 21:49:57.715095
191,3xr4YMsXrQ,Morris PLC,http://www.goodwin.info/,Croatia,Balanced object-oriented forecast,2014,Glass / Ceramics / Concrete,1984,1994-10-02 07:44:59.532992
192,roI5ZBt5Dw,Valdez LLC Asia,http://cantu-prince.com/,Andorra,Truth study time window east.,1981,Recreational Facilities / Services,1915,1995-09-25 00:27:22.535301
193,CxViaIGLFg,Booth-Brewer Canada,http://whitney.com/,French Southern Territories,Respond consumer likely beautiful great job little.,2002,Computer Hardware,3546,1971-01-31 01:43:44.095978
194,oN64uqA2qY,Vaughn PLC,http://www.lawrence.com/,Korea,Seamless systemic projection,2021,Legislative Office,2411,1990-07-08 07:02:12.073325
195,KivSUmUbP5,Foster-Valdez International,https://conley.com/,Botswana,Look myself coach once.,1999,Semiconductors,111,2006-05-15 20:46:49.870748
196,SM8pZr0dt3,Friedman and Sons,https://www.mclean.com/,Qatar,Reduced bandwidth-monitored extranet,1970,Executive Office,2556,1988-07-05 11:40:46.309429
197,6uzKuioWBv,Casey and Sons,http://vazquez.com/,Dominican Republic,Seamless 6thgeneration extranet,1999,Logistics / Procurement,6787,2025-08-11 11:30:53.884377
198,Xh7dOoGOu4,Watson-Shelton,http://www.delacruz.org/,Montserrat,Quality-focused optimizing application,2003,Ranching,4671,2009-03-26 12:53:08.037721
199,eIMAGsXKKR,Coleman-Gonzales,http://montoya.com/,United States Minor Outlying Islands,Focused 24/7 budgetary management,1972,Business Supplies / Equipment,3072,2015-02-28 19:42:05.438276
200,xdrreJDDVN,"Mcmillan, Alvarado and Gentry",https://burns.com/,Israel,Focused systematic knowledge user,2025,Utilities,4704,1976-02-21 05:52:54.202099
201,xdrreJDDVN,"Mcmillan, Alvarado and Gentry EMEA",https://burns.com/,Israel,Just dinner loss.,2025,Utilities,4704,1986-03-16 07:01:49.111961
202,C2Vcip7ZUn,Hudson Ltd S.A.,https://www.wolf.biz/,Denmark,Those save other material movie.,1995,Architecture / Planning,3556,2006-01-11 03:44:13.169547
203,YYgqzhbJxz,Ashley Ltd,http://dawson.com/,Uganda,Re-engineered even-keeled protocol,1988,Veterinary,3086,1981-03-14 13:20:23.783406
204,bVjfXHsGwH,"Walter, Choi and Davies",https://richards.biz/,Vanuatu,Function-based eco-centric instruction set,1979,Aviation / Aerospace,3367,1976-06-04 00:09:06.233700
205,QpK4L0SN5L,"Mcknight, Haley and Harrell",http://www.glass-velez.info/,Nigeria,Customer-focused non-volatile data-warehouse,1970,Tobacco,4484,2006-09-22 04:32:48.235070
206,Rf1ByQdgp3,"Mata, Velazquez and Burke USA",http://www.bell.com/,New Caledonia,Town make first budget.,2010,Wholesale,2213,1981-08-14 21:13:22.512990
207,H5diBknuPG,"Rollins, Hodge and Branch",https://www.lawrence.com/,Armenia,Ameliorated fault-tolerant orchestration,2004,Oil / Energy / Solar / Greentech,8900,1972-05-21 06:53:02.250692
208,mJ4q9Z6Qic,Casey and Sons SAS,https://www.blankenship.net/,Austria,Pm wear per job natural suggest.,2023,Accounting,1015,2006-03-17 08:49:52.030232
209,RiMenINEzE,Brennan PLC France,https://werner.com/,Antigua and Barbuda,Society four paper seek PM.,1995,Philanthropy,1514,1985-06-19 02:08:33.167315
210,DBaCyFjbDD,Hess-Brennan,http://www.solis-joseph.com/,Estonia,Digitized upward-trending solution,2020,Government Administration,2448,2024-11-05 12:15:24.173582
211,QI25jXaVVo,Gomez-Carpenter,http://www.kline.com/,Madagascar,Profound discrete knowledge user,1984,Dairy,7779,1974-09-21 03:14:46.781738
212,5V0aOKFmkP,Knapp-Drake,http://www.nichols.com/,Lebanon,Multi-lateral system-worthy model,1970,Real Estate / Mortgage,3197,1975-05-19 01:09:59.053977
213,cTrC6AqLMy,Thompson LLC,https://www.gomez-walker.com/,Trinidad and Tobago,Fully-configurable bandwidth-monitored policy,2003,Philanthropy,4766,1987-08-31 03:30:40.882780
214,2pAQTTMZXS,Ewing Ltd,http://espinoza.com/,Saint Martin,Reactive global product,1975,Retail Industry,6527,1995-10-05 11:38:52.713365
215,TiNsaDt0HO,Rangel-Dalton,https://www.donovan.info/,Burkina Faso,Streamlined tangible forecast,2005,Sporting Goods,245,1997-11-08 10:27:12.070164
216,FPrp7M2Jz3,Mitchell LLC,http://www.maynard.biz/,Rwanda,Horizontal multi-tasking forecast,2023,Education Management,4255,1981-03-02 09:47:19.614373
217,ghyebX67N7,Mack and Sons,https://austin.com/,Italy,Business-focused tertiary solution,2003,Music,5960,1991-01-26 20:01:34.996520
218,P3fn6Q3KNp,Ewing Group Asia,https://www.osborne.com/,Central African Republic,Way particular want cultural.,2012,Executive Office,3102,1974-11-23 05:10:22.670170
219,8eWG1xfMqq,Contreras-Meza,http://freeman.com/,Saint Barthelemy,Synergized motivating collaboration,2001,Chemicals,609,2021-02-15 15:21:36.164513
220,7rPFuYXWDF,Burton-Huynh Africa,https://www.pollard.com/,Congo,Possible whom author nation increase.,2024,Defense / Space,1301,2019-05-26 23:44:44.308159
221,RBHOkxz7k8,Case PLC Germany,http://www.best.biz/,Costa Rica,Situation college summer common ground image lose society.,1990,Media Production,5112,1981-09-08 14:33:45.476853
222,fXgrU8F4Gf,"Aguilar, Robles and Mahoney",https://www.ochoa.net/,Saint Barthelemy,Ergonomic client-driven policy,2018,Computer Hardware,331,2018-05-04 02:37:23.356320
223,U0GfWN8Hda,Joseph PLC,https://www.logan.com/,Isle of Man,Virtual responsive application,2003,Chemicals,7085,1988-09-26 03:54:03.981900
224,Tn1oGycBz5,Camacho-Serrano,https://www.fry-may.com/,Colombia,Profit-focused next generation focus group,1972,Legislative Office,8837,1984-05-03 21:40:40.130953
225,TQImkUBf6V,Velazquez Group Germany,http://whitney-reed.biz/,Bulgaria,Mind five national culture manage voice.,1981,Staffing / Recruiting,6156,1987-03-01 11:09:20.753985
226,eWNReyUIhz,Reeves-Mathews,http://www.sharp.com/,Mauritius,Vision-oriented zero-defect benchmark,1971,Railroad Manufacture,3431,1997-08-04 12:07:54.068974
227,8eWG1xfMqq,Contreras-Meza Logistics,http://freeman.com/,Saint Barthelemy,Wonder step business quality for.,2001,Chemicals,609,2020-12-28 00:29:32.666861
228,RvqVgn64cz,"Blackburn, Clarke and Steele EMEA",https://www.gay.biz/,Samoa,Raise notice again.,2024,Supermarkets,5373,1984-08-05 01:42:51.010111
229,gSbxjzTq64,"Friedman, Curry and Gross",https://www.pugh.info/,Reunion,Cross-group executive paradigm,1992,Railroad Manufacture,2779,1970-01-27 12:51:00.972539
230,7rPFuYXWDF,Burton-Huynh Capital,https://www.pollard.com/,Congo,Time particular itself tell ok southern pretty property.,2024,Defense / Space,1301,2013-01-27 13:08:19.039241
231,S2AJadqbnc,Olsen-Anderson,http://www.grimes.com/,Botswana,Assimilated multi-state support,2025,Biotechnology / Greentech,2334,2013-06-29 00:31:12.729066
232,euJzoFEMvJ,Guerrero-Neal,https://www.andrade.info/,French Southern Territories,Enhanced motivating architecture,2009,Public Relations / PR,9793,2005-07-06 23:14:49.146243
233,CZz3lswE8K,Wallace-Diaz,http://www.sellers.com/,Chad,Mandatory client-server software,2019,Facilities Services,4873,2000-04-20 04:13:46.584372
234,lFgnvJF62o,"Vaughan, Cruz and Boone",http://lowery.com/,Togo,Focused non-volatile product,2003,Transportation,6391,1985-02-12 17:04:48.953375
235,2pAQTTMZXS,Ewing Ltd Capital,http://espinoza.com/,Saint Martin,Little outside probably soon right light.,1975,Retail Industry,6527,2025-08-28 07:03:51.181137
236,Q85TO0Uk31,Sanford-Burch EMEA,http://may-herman.org/,Latvia,Anything believe age bad outside itself.,2009,Facilities Services,694,2016-02-18 11:00:27.270942
237,XlB0Qnfr0P,Chavez Group,http://vazquez-mccann.info/,South Africa,Configurable 5thgeneration synergy,1999,Other Industry,8807,1984-01-06 03:51:19.202334
238,XIiROISFGC,Romero Ltd,http://www.campos.info/,Cook Islands,Sharable contextually-based conglomeration,2016,Venture Capital / VC,1228,2013-12-01 01:27:15.201412
239,WUSnoiDCyk,Rich-Berger,http://www.white.com/,Nigeria,Ergonomic cohesive support,1995,Recreational Facilities / Services,2274,2019-11-03 21:13:01.378033
240,D7tMCsnrdg,Hartman-Schmidt,http://duffy-ferrell.com/,Canada,Ergonomic clear-thinking function,2006,Shipbuilding,3334,1987-11-07 13:07:57.964911
241,EIiXh4za7x,Wright LLC,http://briggs.com/,Argentina,Fully-configurable motivating help-desk,1992,Consumer Services,8940,1973-08-07 16:37:30.738617
242,3MGok9wiHC,Schmidt-Collins,https://brock.biz/,Tanzania,Reduced 24hour frame,1984,Gambling / Casinos,8512,1977-04-01 02:22:27.638910
243,ci5EIHu5HB,Doyle-Blake,http://wilkerson-gregory.com/,United States of America,Business-focused zero-defect software,2005,Alternative Medicine,4165,1974-06-17 06:21:02.652499
244,iYAwiWORM8,"Hart, Arroyo and Kirby",https://www.giles.com/,Burkina Faso,Vision-oriented motivating collaboration,1992,Internet,3586,2009-11-25 10:13:24.144825
245,zf8VsrksQf,"Odom, Schultz and Ball Enterprises",https://www.wilkerson.com/,Hungary,Reflect set participant final voice.,2012,Mechanical or Industrial Engineering,2200,1974-01-25 22:11:42.550856
246,I6sxRVpVBR,"Mayo, Roberson and Chung",https://www.wong.com/,Cocos (Keeling) Islands,Automated scalable groupware,1970,Marketing / Advertising / Sales,8806,2023-03-22 05:43:46.613102
247,0lx9X1FUkc,Middleton PLC,http://www.wilkinson.com/,Cocos (Keeling) Islands,Front-line intermediate forecast,1978,Online Publishing,7945,1981-02-16 15:11:51.786767
248,avOQ6rAxSL,Gibbs and Sons,http://www.luna.info/,Liberia,User-friendly tangible pricing structure,2004,Glass / Ceramics / Concrete,7627,1992-07-28 23:15:11.466516
249,EpvirMHRUN,"Edwards, Small and Rowland Labs",https://www.macias.com/,French Guiana,Let federal site leader success friend college possible.,1993,Photography,7488,1995-08-16 06:22:23.526658
250,TdrAlldsiO,"Gamble, Chambers and Duran",https://www.roach.com/,Kiribati,Face-to-face composite support,2017,Dairy,8509,1984-11-15 23:28:23.160177
251,wJqOvsjeQY,"Sweeney, Matthews and Tate",https://mills.com/,Svalbard & Jan Mayen Islands,Devolved upward-trending emulation,2005,Education Management,4623,1973-05-27 21:00:39.654865
252,dKCVMsyxdx,Whitehead Inc,http://www.boyle.com/,Sri Lanka,Pre-emptive object-oriented conglomeration,2003,Alternative Medicine,6103,2007-04-18 04:19:03.503676
253,rZLewoQxbb,Marshall Group Partners,https://www.callahan.com/,Argentina,First seat technology ahead serve area worry.,2025,Building Materials,8230,2007-04-13 18:36:14.303132
254,1PW1eBYd3J,Forbes-Chavez,http://carr.com/,Ireland,Object-based value-added capability,2024,Farming,9760,1990-11-17 13:47:10.253571
255,FRVzo0DArh,Bright LLC,http://www.coleman.net/,Belgium,Programmable analyzing info-mediaries,2008,Textiles,5070,2011-09-30 18:39:57.479423
256,UXRNCFT37Q,"Jarvis, Christian and Quinn Design",http://spears-huff.com/,Jersey,Behavior responsibility area.,2015,Military Industry,5383,2004-12-31 20:38:26.010200
257,DDnppmjQZO,Macias Group,https://www.lam.org/,Tonga,User-friendly client-driven throughput,2024,Computer Hardware,1569,1991-11-27 11:00:28.936020
258,IjR41DojWA,"Kent, Bernard and Torres",https://www.fitzgerald.info/,Oman,Face-to-face demand-driven concept,2003,Maritime,6640,1975-11-02 08:27:07.409888
259,XknL4FvaHD,Blackwell-Burns,https://burns-murray.com/,Luxembourg,Monitored responsive extranet,2023,Alternative Medicine,3851,1981-10-10 02:14:09.415831
260,ER9edW8EyQ,Gallegos-Chase Group,http://hammond.com/,Tokelau,Brother drug professional form medical.,1996,Wine / Spirits,1043,1998-08-19 10:36:13.402444
261,kEc5qZFnLy,Perez Inc,https://www.ewing-krueger.org/,Brazil,Face-to-face discrete neural-net,2008,Renewables / Environment,6060,2016-10-25 20:00:34.696701
262,mezpUbapy2,Daniel-Santiago,http://www.harris.com/,Egypt,Extended directional instruction set,1993,Civil Engineering,8807,2014-07-03 17:49:03.375313
263,f74XtZlRGq,Jacobs-Campbell,http://glenn.com/,Morocco,De-engineered clear-thinking middleware,1979,Financial Services,5532,1989-08-26 03:19:44.854190
264,PXGx2csh4d,Pruitt PLC,https://avery.biz/,Sudan,Customizable 5thgeneration firmware,1975,Philanthropy,9632,1976-10-11 03:40:56.491583
265,Dpcx1PC0Jx,"Williamson, Hays and Washington UK",https://www.glass.com/,Zimbabwe,Owner window school rest truth answer law.,1985,Security / Investigations,5930,1975-02-13 10:47:51.444939
266,JUVe48by12,"Rodriguez, Conrad and Vargas",http://robbins-smith.com/,Kazakhstan,Optional zero-defect toolset,1981,Music,1032,2016-12-09 04:01:32.040352
267,57tdutFipu,"Noble, Maxwell and Spence",https://www.gutierrez.info/,El Salvador,Total eco-centric workforce,1997,Construction,7794,1973-11-09 22:25:35.296899
268,XSojrJwLnn,Padilla-Hinton,https://chan.com/,Serbia,Focused even-keeled access,2009,Defense / Space,5806,1987-01-14 12:20:26.458535
269,eaXmaOdGZc,Munoz Inc,http://www.chambers.com/,Yemen,Cloned content-based website,1993,International Trade / Development,9011,2018-02-15 06:55:40.225516
270,hcLZTSU06E,Olsen-Maynard,http://www.brady-horn.net/,Brazil,Re-engineered asynchronous customer loyalty,2022,Nanotechnology,8771,1982-05-24 14:29:42.833618
271,Le8GLMZ7WO,Chavez PLC,https://shepherd.com/,Gambia,Decentralized clear-thinking initiative,1976,Marketing / Advertising / Sales,2462,2011-05-08 08:14:54.787985
272,klXbJHKubq,Henderson-Gay,https://king-lawson.com/,Germany,Total well-modulated utilization,2000,Translation / Localization,5364,2003-03-12 03:56:56.090386
273,KOJfYaki18,"Gentry, Ferguson and Adams",http://www.hines.com/,Cayman Islands,Diverse bi-directional superstructure,1971,Law Enforcement,3597,1982-11-16 09:18:58.362806
274,TXn1twbUla,Mccormick LLC,https://www.robinson-underwood.org/,Mongolia,Up-sized 24hour model,2017,Newspapers / Journalism,1898,2017-12-25 17:26:59.516571
275,W4PwgUgOO2,"Bean, Jenkins and Stevens",https://rodgers.com/,Germany,Organized mission-critical pricing structure,1996,Maritime,8947,1980-12-25 01:32:56.278450
276,SgMd7PRFlY,Cochran LLC,https://www.hutchinson.net/,Cameroon,Open-source client-server structure,1984,Music,6539,1998-03-03 20:35:47.602478
277,roI5ZBt5Dw,Valdez LLC India,http://cantu-prince.com/,Andorra,Shake name special eat only.,1981,Recreational Facilities / Services,1915,1985-02-01 17:59:49.560098
278,PTkT9l4HP6,Wall PLC,http://www.webb.info/,Brazil,Self-enabling bandwidth-monitored hierarchy,2024,Broadcast Media,5278,1998-11-23 12:05:12.260224
279,nIKI0CTc2s,Hanna PLC,https://www.irwin.com/,Mauritania,Right-sized 3rdgeneration matrices,2015,Media Production,6318,1988-12-06 13:11:04.324531
280,3NnKqQghRx,"Herring, Shannon and Gray",https://harvey.biz/,Malta,De-engineered intermediate parallelism,1985,Computer Networking,2156,1993-02-04 06:29:45.384837
281,BfRzJ9PqIs,Wright-Barr,https://www.parks-reed.biz/,Belarus,Versatile even-keeled knowledge user,2009,Military Industry,9700,2020-11-07 04:15:34.286193
282,7qizp0zxS9,Finley-Lane,https://blankenship.com/,Malawi,Function-based intangible capacity,2005,Non - Profit / Volunteering,3236,1996-12-16 20:02:25.460406
283,9TMXe1Pfuy,"Key, Myers and Munoz USA",http://www.grant.net/,Bermuda,Affect response suggest such design morning.,1977,Electrical / Electronic Manufacturing,4568,2016-04-24 23:55:12.630865
284,1YUieYhaxb,Alvarez-Watkins Technologies,https://zavala.com/,Saint Helena,Cut identify our yet.,2015,Wholesale,9438,2001-09-20 04:49:19.014028
285,lc72ir18z3,Crane-Douglas SAS,https://pierce.net/,Gabon,Drug thought maybe daughter pull cover.,1994,Program Development,5542,2003-09-21 22:01:34.885821
286,5iknSP6y2Q,Mullins Inc,https://www.weeks-simpson.com/,Serbia,Proactive attitude-oriented projection,1982,Arts / Crafts,1046,2006-11-11 10:19:11.232068
287,puJIWAOeqj,Mcmahon Inc,http://lester.info/,Taiwan,Cross-group actuating policy,1979,Industrial Automation,8904,2001-02-08 19:42:55.418819
288,hqPkaVU0q4,Landry PLC Partners,http://www.dean.com/,Sao Tome and Principe,Have page single back air.,2011,Online Publishing,5660,2007-03-24 19:12:01.215200
289,6OX10uVdT1,Galvan-Patton,https://www.west.com/,Belgium,Programmable motivating flexibility,1977,Business Supplies / Equipment,1268,2017-08-09 09:06:50.505861
290,nnnxZD4M3L,Wilcox-Archer,http://kerr-mccarthy.com/,Guadeloupe,Customer-focused dedicated strategy,2007,Publishing Industry,1298,1989-06-16 02:59:56.476732
291,YJqwmwZP5N,Lynn Group,https://dalton.com/,Ghana,Up-sized disintermediate workforce,2007,Individual / Family Services,3714,1981-01-17 04:53:31.356973
292,Ng4S0X5RqI,Keller PLC Japan,https://frey-barrett.biz/,Sao Tome and Principe,Tonight compare play focus.,1986,Government Relations,7210,2015-10-17 06:33:40.139668
293,YjVKPLtR6O,Dominguez Group,https://sims.com/,Israel,Assimilated attitude-oriented workforce,1996,Industrial Automation,2129,2016-09-15 02:54:03.555125
294,OxLz2fpgnL,Gutierrez Ltd,https://www.dunn.com/,Somalia,Assimilated reciprocal pricing structure,2000,Motion Pictures / Film,7717,2015-12-24 08:06:13.489581
295,BOkd4PfRk4,Donaldson-Drake,https://gregory.org/,Aruba,Face-to-face cohesive strategy,1993,Hospitality,9670,2024-12-12 00:40:33.017279
296,QaFxxbOJej,Love-Booth,http://hill.com/,Falkland Islands (Malvinas),Focused explicit software,1999,Venture Capital / VC,9085,2004-11-09 13:55:12.260103
297,b5Aeh6UFhE,Brown-Fernandez,https://www.black.net/,Germany,Digitized directional groupware,1973,Machinery,546,2018-04-23 18:41:31.261748
298,KpXzgNMNWC,"Kent, Guerra and Blevins",http://www.webster-smith.com/,Malawi,Multi-channeled contextually-based emulation,1991,Professional Training,8756,1998-02-28 05:51:36.793185
299,XSojrJwLnn,Padilla-Hinton Dynamics,https://chan.com/,Serbia,Audience hard often agency page there.,2009,Defense / Space,5806,1977-04-14 15:25:43.492746
300,1PW1eBYd3J,Forbes-Chavez Pty Ltd,http://carr.com/,Ireland,Claim challenge together west democratic sound voice.,2024,Farming,9760,2006-11-04 16:44:36.634705
301,Xh7dOoGOu4,Watson-Shelton Resources,http://www.delacruz.org/,Montserrat,Their color morning.,2003,Ranching,4671,1976-12-06 18:19:58.379191
302,4JJLfhhFLT,Villegas-Mcgee,http://cardenas-farrell.net/,Palestinian Territory,Versatile full-range analyzer,2020,Commercial Real Estate,153,1972-08-01 23:02:15.709259
303,EllsfV3nRR,Conley-Mathis,http://www.barnes.com/,Papua New Guinea,Reactive local challenge,1999,Events Services,822,2018-07-01 06:29:37.149090
304,OPgdSwUtnM,Jimenez LLC,http://fitzgerald.com/,Philippines,Virtual modular productivity,2001,Law Enforcement,9000,1997-07-10 19:03:54.957986
305,0lx9X1FUkc,Middleton PLC France,http://www.wilkinson.com/,Cocos (Keeling) Islands,Response store resource appear general.,1978,Online Publishing,7945,2022-10-16 00:57:48.751152
306,63NuxJQiRQ,Fry Group,http://www.castro.biz/,Canada,Switchable disintermediate groupware,1981,Supermarkets,4153,2015-10-27 07:25:10.031261
307,XlB0Qnfr0P,Chavez Group Logistics,http://vazquez-mccann.info/,South Africa,Computer until bad church.,1999,Other Industry,8807,2013-01-17 21:35:25.450951
308,fuUD7MRwFR,"Benjamin, Turner and Walker",http://solomon-gray.biz/,Haiti,Digitized web-enabled budgetary management,2009,Performing Arts,5094,2013-09-29 16:47:48.558765
309,3txrFh6nFt,Schultz and Sons,http://ellison.com/,Cuba,Horizontal non-volatile emulation,1996,Alternative Dispute Resolution,6734,2015-05-02 23:38:36.409788
310,bxpXOueqwu,Huynh-Anderson,https://www.moses.net/,Oman,Future-proofed grid-enabled task-force,2008,Restaurants,4555,1986-04-13 23:51:23.411692
311,E1YMiTKiU7,"Larson, Cooper and Aguirre Japan",https://www.herring.info/,Italy,Never consider practice loss understand least.,2000,Commercial Real Estate,9610,2019-05-31 19:06:40.074863
312,cK8OymtuEn,Randall-Casey,https://french.com/,Kiribati,Configurable background projection,1987,Religious Institutions,2984,1998-11-25 18:58:47.320158
313,uSW2JzB1sW,Crane-Bell,https://www.snyder-craig.biz/,British Virgin Islands,Synchronized mission-critical definition,1988,Professional Training,6083,1979-11-25 02:58:20.563089
314,ZBIwkYFiEE,"Hall, Ponce and Shields",https://avila.com/,Comoros,Grass-roots intangible ability,2019,Printing,3978,1995-12-11 09:27:40.495548
315,N3ZGE5k49u,Dean-Cook,http://www.williamson.com/,Ecuador,Distributed methodical installation,1975,Paper / Forest Products,2888,1971-11-15 23:11:09.819548
316,0jsHGZmqMB,Richards Group,https://www.keith-wallace.com/,Uzbekistan,Secured holistic architecture,2015,Public Safety,9079,1971-03-19 20:05:12.238315
317,m0mVBm0fVR,Burnett LLC,http://neal.com/,Switzerland,Ergonomic demand-driven website,1997,Pharmaceuticals,4784,2001-05-27 15:35:20.092089
318,FEjEQHvdn9,Holt Inc,https://www.simpson-collins.com/,Romania,Total 5thgeneration projection,2017,Military Industry,5400,2002-12-04 12:33:54.543289
319,FiPvhNFXLB,"Thomas, Hammond and Dyer Co.",https://chavez.org/,Norway,Threat local fine.,2021,Wholesale,4380,1980-02-25 01:30:19.745907
320,mYkWHAqh8Q,Berger and Sons,https://hawkins-charles.net/,French Guiana,Balanced exuding strategy,1987,Entertainment / Movie Production,4916,2020-05-15 01:58:11.892395
321,z0ShKm2Kpp,Golden-Green,http://little.com/,Benin,User-friendly non-volatile architecture,1978,Machinery,7779,2024-12-26 09:37:28.322603
322,OOrOpfqt0P,"Gardner, Cherry and Warren",http://michael.com/,Israel,Networked bandwidth-monitored access,2019,Veterinary,3743,2009-11-13 04:24:36.507585
323,rnwHLZfMVB,Mcpherson-Nelson,http://www.conner.com/,Guinea,Organized object-oriented matrix,1974,Logistics / Procurement,8993,2016-02-26 11:00:32.665331
324,a37cB6MA9D,"Goodman, Chan and Santiago",http://www.mccall.com/,Ukraine,Virtual optimal product,2007,Animation,6471,1977-07-08 16:46:40.020306
325,8UHnqXKuao,Hart and Sons,https://rivas-hess.com/,Liechtenstein,Innovative tangible synergy,2012,Fundraising,7230,2009-09-22 14:09:46.297232
326,4eWEJQZFbg,Turner-Cobb,https://www.wright-aguirre.com/,Comoros,Networked exuding data-warehouse,2018,Food / Beverages,389,1980-03-09 06:17:21.179126
327,57tdutFipu,"Noble, Maxwell and Spence Global",https://www.gutierrez.info/,El Salvador,Drive although local watch capital despite win.,1997,Construction,7794,1978-07-13 14:14:08.652616
328,cIxpK3GyxJ,Gibson Inc Africa,http://www.holt-ellis.com/,Burundi,About never marriage prevent decision direction.,1974,Security / Investigations,6778,1972-11-08 13:16:45.017641
329,YFmf3dUpL9,Wolf Ltd,http://cohen.net/,Anguilla,Decentralized national Internet solution,2021,Paper / Forest Products,8308,1992-01-05 03:45:09.796144
330,wrv0q1Gbd7,Frost-Anthony,http://www.cummings.info/,Palestinian Territory,Focused user-facing collaboration,1977,Market Research,6747,1990-01-07 03:21:47.038995
331,DBaCyFjbDD,Hess-Brennan LLC,http://www.solis-joseph.com/,Estonia,Possible push both figure write himself.,2020,Government Administration,2448,2016-01-25 10:03:52.893657
332,IeXwrm726Z,Eaton-Bond,https://www.benjamin-taylor.org/,Mozambique,Function-based directional collaboration,1989,Legal Services,5918,2010-11-19 19:47:05.637122
333,9NQZRmqdCm,Lynn Inc,http://dillon-mclaughlin.com/,Thailand,Decentralized eco-centric protocol,1981,Hospitality,3881,2008-08-17 06:29:54.990380
334,N3ZGE5k49u,Dean-Cook Resources,http://www.williamson.com/,Ecuador,Student account control about rather.,1975,Paper / Forest Products,2888,1994-03-11 13:27:03.872329
335,oHwi1ZEgPy,Hood-Kaufman,https://larson.biz/,New Zealand,Persevering bottom-line hierarchy,1982,Fundraising,7029,1971-04-09 08:30:24.039656
336,RBHOkxz7k8,Case PLC UK,http://www.best.biz/,Costa Rica,Say marriage part.,1990,Media Production,5112,2015-10-02 11:09:24.342471
337,g0zlHUyUjf,"Miles, Moon and Hartman",https://www.carson.net/,Guam,Pre-emptive neutral core,1984,Hospital / Health Care,515,1977-10-25 16:46:26.011125
338,U4uxTv9WVi,Fuentes LLC,http://www.park-huffman.biz/,Guatemala,Innovative reciprocal application,2007,Primary / Secondary Education,8820,2005-09-06 02:09:15.306712
339,YjVKPLtR6O,Dominguez Group Americas,https://sims.com/,Israel,Blood good attention worry cover price.,1996,Industrial Automation,2129,1970-09-24 20:46:29.749374
340,vGK5i1pZiH,"Delgado, Maxwell and Villarreal",https://walter.com/,Palau,Universal leadingedge forecast,1980,Religious Institutions,9120,2012-12-16 22:47:28.541405
341,Le8GLMZ7WO,Chavez PLC Pacific,https://shepherd.com/,Gambia,Question watch entire yeah point toward as.,1976,Marketing / Advertising / Sales,2462,2022-11-30 02:52:16.716859
342,P44NRZLQGm,Fox-Velasquez AB,http://fernandez.biz/,Spain,Speak trade most choose glass industry.,1983,Health / Fitness,70,1971-09-25 18:45:38.535168
343,j9yW5KrJDP,Roy-Avila Ltd.,http://www.gaines.com/,Hungary,Truth his stand step these.,1977,Think Tanks,5910,1997-10-22 07:48:53.554827
344,1PvTmvdJSh,"Rocha, Alvarez and Winters",http://maddox-robles.info/,Antigua and Barbuda,Integrated explicit product,1998,Veterinary,5105,2005-01-11 17:33:26.170444
345,CotJqK5YrA,Mora-Willis Services,https://arroyo-underwood.org/,French Polynesia,Today write when cup section.,1995,Translation / Localization,6809,1991-11-27 14:06:52.279235
346,YA6UCQ8xlx,Collier and Sons,https://www.estrada-holland.com/,Slovakia (Slovak Republic),Distributed executive standardization,2018,Veterinary,7778,2012-02-07 10:07:46.548857
347,y5o6mX5dnl,"Levy, Schultz and Blake Inc.",https://www.duncan.com/,Spain,Old finally region strategy challenge.,1982,Leisure / Travel,5247,2005-09-10 07:51:58.252120
348,glJNi0Zf45,Alvarez PLC Studios,https://www.li.biz/,Nigeria,Ago billion eight skin glass stock loss.,2001,Food / Beverages,4489,2018-06-13 15:41:29.892859
349,rZLewoQxbb,Marshall Group Japan,https://www.callahan.com/,Argentina,Number letter board home yard.,2025,Building Materials,8230,2006-07-12 11:26:10.677093
350,3NnKqQghRx,"Herring, Shannon and Gray Investments",https://harvey.biz/,Malta,Shoulder country parent.,1985,Computer Networking,2156,1986-09-10 12:29:23.823175
351,mK3U0H7rAR,"Barber, Mcdaniel and Obrien",https://alvarez-cobb.biz/,United States Virgin Islands,Function-based transitional hardware,1977,Supermarkets,9603,1976-05-16 02:20:55.223027
352,22XT95Gz9o,Hines Ltd UK,http://acosta.com/,Uruguay,Moment fire fast game shoulder able though environment.,2022,Electrical / Electronic Manufacturing,6143,1978-09-10 19:12:22.341568
353,o3dJKLCafL,Finley LLC DACH,https://baker.org/,Chile,Visit theory brother around.,2001,Program Development,1688,2012-02-15 06:06:52.119058
354,1Dhn1CCHaD,Kaufman-Shepherd,https://www.chandler.com/,Australia,Progressive optimizing conglomeration,1970,Hospitality,7244,1988-08-10 20:50:38.246239
355,hpRKZBwDYu,"Hammond, Vance and Tyler",https://acosta-knight.com/,Barbados,Self-enabling web-enabled product,2020,Financial Services,1428,1985-05-18 22:54:07.097152
356,mtga8yaA2c,Mahoney-Duarte,https://www.newton-gaines.com/,Nicaragua,Multi-channeled tertiary leverage,1980,Broadcast Media,9023,1974-08-09 18:07:21.777389
357,pQNapLlJDj,Larsen PLC,http://www.frank-middleton.net/,Aruba,Horizontal encompassing Internet solution,1987,Media Production,6409,2010-01-20 01:15:38.440837
358,D9vMIyAtBI,Friedman-Macias,https://benton.com/,Bahamas,Open-architected systemic system engine,1986,Consumer Services,578,2006-11-22 08:56:46.543139
359,E2cjF4oW9O,"Gibbs, Pugh and King",https://moyer.net/,Liechtenstein,Intuitive real-time extranet,2001,Photography,6683,1988-03-19 14:57:28.409429
360,HNSYUTMP9f,"Bautista, Harrell and Norton",http://pennington.net/,Croatia,Versatile zero administration protocol,2005,Import / Export,5637,2024-12-23 07:14:52.350898
361,HdSO3ZWzbR,Daugherty-Mclean,http://cannon.org/,Australia,Compatible background open system,1985,Accounting,4366,1985-11-13 01:34:58.826446
362,PYfmKucAoZ,"Walker, Mora and Finley Platform",https://www.york-copeland.com/,Tanzania,All four him receive whom according when.,1994,Photography,8235,2016-07-12 12:28:13.723233
363,DqwHqt3hor,Friedman Inc,https://morrow-foster.info/,Colombia,Re-contextualized static Internet solution,1991,Oil / Energy / Solar / Greentech,533,1985-06-10 18:01:05.672927
364,PNykJhnT51,Charles-Mcgee,https://www.king.info/,Venezuela,Business-focused asynchronous conglomeration,1992,Wine / Spirits,9516,1989-06-27 15:02:58.800989
365,W4PwgUgOO2,"Bean, Jenkins and Stevens EMEA",https://rodgers.com/,Germany,Day thousand discussion.,1996,Maritime,8947,1988-03-06 11:58:15.974895
366,iaiJgNZNUf,Contreras Inc,http://jarvis.net/,Saint Barthelemy,Total context-sensitive software,1989,Computer Games,9747,2005-06-06 01:10:54.653219
367,QI25jXaVVo,Gomez-Carpenter Analytics,http://www.kline.com/,Madagascar,Medical door hundred such.,1984,Dairy,7779,1971-09-16 13:09:59.309648
368,lOWMBxfCI5,Bean-Sawyer,http://www.pratt-carter.org/,Somalia,Virtual systemic alliance,2021,Venture Capital / VC,665,2017-10-22 15:55:08.907610
369,o3dJKLCafL,Finley LLC Consulting,https://baker.org/,Chile,Customer next present piece get top project.,2001,Program Development,1688,1974-09-23 03:26:25.333227
370,jow1UtwG6S,"Dillon, Mclean and Contreras",http://www.lawson.biz/,Niger,Polarized bi-directional complexity,1987,Consumer Goods,5321,2015-12-10 07:10:39.760898
371,qIZLkCbqRK,Nguyen Group,http://www.williams.com/,Senegal,Up-sized coherent infrastructure,1985,Computer Hardware,678,1976-03-18 06:34:25.739012
372,326g2xeCji,"Cooley, Kirk and Mayo",https://norton.com/,Niue,Organic needs-based middleware,1999,Commercial Real Estate,8674,1996-03-17 15:24:20.811973
373,bfndVFRfk4,Ball LLC,https://ryan.com/,Korea,Proactive value-added website,2025,Hospital / Health Care,6833,1971-09-04 23:06:29.680611
374,2yWJD5G0BG,Booker-Crawford,http://keith.info/,Northern Mariana Islands,Intuitive homogeneous installation,1993,Telecommunications,2657,1975-02-22 04:19:09.070016
375,KFag5DnGyr,"Tyler, Sutton and Duffy",https://wheeler.info/,Monaco,Seamless contextually-based array,1971,Publishing Industry,705,2019-07-19 23:29:18.966994
376,YTP3JIWhcj,Torres-Leach,http://chase-spence.com/,Solomon Islands,Devolved solution-oriented support,2011,Outsourcing / Offshoring,9673,2021-09-12 13:33:15.474129
377,nyt01OxiKX,Walsh-Mcpherson,http://www.hampton.com/,Cocos (Keeling) Islands,Multi-tiered homogeneous installation,2011,Maritime,1625,1983-06-24 00:49:10.104781
378,63NuxJQiRQ,Fry Group LLP,http://www.castro.biz/,Canada,Government call involve article fine finally space.,1981,Supermarkets,4153,1974-08-27 05:05:20.293891
379,IjDQnPDIBe,Warren-Taylor,https://knapp.com/,Paraguay,Open-architected global productivity,2024,International Trade / Development,1794,2003-09-06 03:04:25.109639
380,3w0Lyfd0Zw,Bowers-Crosby GmbH,https://www.freeman.com/,Hungary,Fight set night list standard remember research.,1978,Utilities,8876,1979-06-02 09:45:23.192134
381,Q85TO0Uk31,Sanford-Burch Co.,http://may-herman.org/,Latvia,Ever talk also health line.,2009,Facilities Services,694,1994-03-02 21:13:49.892858
382,U6NdpQg8L3,Berger-Rubio,http://www.moore.com/,Mongolia,Secured eco-centric customer loyalty,1997,Motion Pictures / Film,1175,2007-04-26 19:46:34.221642
383,lfnVclj26d,Higgins-Zavala,http://www.arroyo.com/,Sierra Leone,Multi-layered grid-enabled functionalities,2025,Law Enforcement,5189,2023-10-19 06:19:57.796667
384,zf8VsrksQf,"Odom, Schultz and Ball LLP",https://www.wilkerson.com/,Hungary,Sort other way they.,2012,Mechanical or Industrial Engineering,2200,1981-09-17 07:41:10.841965
385,zNWxLfHtKc,Nelson-Grimes Germany,http://www.franco-proctor.com/,Slovenia,Stock share lose take performance.,1979,Business Supplies / Equipment,6124,2003-01-03 13:50:41.747774
386,7yQTuBXxBn,Blanchard-Kirk,https://watkins.biz/,Malaysia,Open-source 4thgeneration structure,2021,Fine Art,490,2017-03-15 17:04:42.806481
387,cX87w1qglb,"Poole, Maynard and Solis",http://www.mckinney.com/,Congo,Cross-group fault-tolerant attitude,1994,Consumer Services,4352,2005-02-24 02:59:18.105042
388,C1SrkV4R2V,Mckee-Hawkins,http://www.huang.net/,Singapore,Customer-focused intermediate service-desk,2023,Information Services,643,2019-07-22 11:17:19.157654
389,98myO5kuOu,"Norris, Harmon and Cannon",http://www.hess-golden.com/,South Africa,De-engineered zero-defect neural-net,1980,Apparel / Fashion,8956,2020-08-31 20:43:31.420694
390,goFILOOpjf,Burnett-Holden,http://giles.com/,Venezuela,Future-proofed global matrices,1973,Human Resources / HR,3737,1979-09-23 03:50:47.155590
391,xCHZfbZCnc,"Mueller, Tate and Barr",http://www.graves.org/,Netherlands,Customizable value-added Local Area Network,1987,Chemicals,2539,1980-11-22 23:18:22.142627
392,nRCpgutvvs,Becker-Mann,http://www.yu.com/,Korea,Versatile systemic budgetary management,1992,Management Consulting,9739,1999-04-19 05:58:45.527516
393,7tcI7ubA80,Jensen-David,https://www.brewer.net/,Honduras,Multi-tiered reciprocal framework,2017,Political Organization,8715,2011-03-05 15:52:19.970985
394,QWg7i1ll86,Warren-Santos,https://www.huff.com/,Burundi,Decentralized national leverage,1991,Paper / Forest Products,1972,1980-11-02 00:40:57.216953
395,anQhyKRIvz,"Benjamin, Lara and Bailey",https://www.curtis.org/,South Georgia and the South Sandwich Islands,Automated asymmetric projection,2012,Import / Export,7240,1979-07-06 03:06:22.994251
396,xMXlOtKZ4Z,Richards-Shelton SAS,http://cabrera.com/,Solomon Islands,Weight yourself task provide.,1980,Online Publishing,4778,1984-05-07 20:56:43.616161
397,Ofkaj2jLfj,Ballard Inc,http://clay.info/,Turkey,Exclusive optimal core,2020,Utilities,284,1971-06-06 22:59:40.664199
398,ER9edW8EyQ,Gallegos-Chase Ltd.,http://hammond.com/,Tokelau,Apply bed guess commercial PM.,1996,Wine / Spirits,1043,1970-10-09 18:08:09.490330
399,aDeuWBJ5eW,Velazquez LLC,https://www.bowen.com/,Swaziland,Adaptive multimedia data-warehouse,1998,Wine / Spirits,1135,1993-05-23 19:08:34.149213
400,haf7GZH5mE,Adams Group Germany,https://ruiz.com/,Panama,Unit name cut address here cold.,2007,Law Practice / Law Firms,5291,2026-01-06 07:42:32.319528
401,KTGiLJicyT,"Richmond, Thompson and Santos",https://hunt.com/,Czech Republic,Intuitive multimedia strategy,2002,Animation,3253,1972-08-16 14:19:31.541693
402,GQfZ9bPEsM,Holden Group,http://www.king.com/,Samoa,Expanded full-range budgetary management,1988,Government Administration,4577,1988-08-28 15:54:39.895197
403,CEA6B026EC,Fischer Ltd,http://yang.org/,Afghanistan,Function-based fresh-thinking function,1976,Utilities,5170,1975-09-23 01:11:22.106431
404,vUJC7TFcIu,Mckay-Casey,https://www.estrada-hendricks.com/,Jordan,Enhanced secondary function,1998,Gambling / Casinos,6308,1974-05-30 14:27:48.142056
405,gwR7GAb1Jf,"Wheeler, Schneider and Estes",https://flynn.com/,Uganda,Virtual logistical concept,1982,Animation,7984,1984-09-27 10:10:32.183753
406,5tJZgWisyx,"Mcconnell, Parsons and Oneal",http://barry-pineda.com/,Swaziland,Front-line fault-tolerant algorithm,1994,Computer Hardware,9674,2004-11-11 05:06:46.535613
407,vGK5i1pZiH,"Delgado, Maxwell and Villarreal Design",https://walter.com/,Palau,Read expert special admit.,1980,Religious Institutions,9120,1999-10-03 11:10:00.187561
408,zutmwU883P,Rivers-Acevedo Americas,https://www.harrell-norman.biz/,French Guiana,Player experience long garden drop decision door.,2023,Plastics,9681,1998-10-05 13:04:36.895622
409,W3AqUetehp,"Sullivan, Gardner and Bishop",https://may-klein.com/,Libyan Arab Jamahiriya,Phased actuating open system,1992,Electrical / Electronic Manufacturing,8923,1998-02-01 00:22:38.785680
410,SSfDOe8CWK,Meza-Matthews,https://www.good.com/,India,Vision-oriented uniform approach,2025,Shipbuilding,9663,1989-12-12 09:43:25.583937
411,5PyAbSiRgr,"Benjamin, Bowers and Cline",https://www.morales.com/,Benin,Universal global firmware,2006,Packaging / Containers,816,1998-07-06 08:34:25.097041
412,8uAn3WQLXG,Olson and Sons,https://www.bridges.org/,Thailand,Integrated demand-driven algorithm,1990,Civic / Social Organization,4343,1997-04-06 16:29:20.743579
413,V5KdD9wKN5,"Reid, Mack and Ortiz",https://mason.com/,Sao Tome and Principe,Face-to-face mission-critical adapter,1975,Computer Hardware,3476,1972-07-22 06:09:04.892586
414,fIJVZ5JrZE,Hudson and Sons,https://www.weeks.biz/,Burundi,Integrated full-range matrix,1993,Business Supplies / Equipment,1121,1970-12-04 03:22:23.358241
415,H5diBknuPG,"Rollins, Hodge and Branch Co.",https://www.lawrence.com/,Armenia,Great provide possible or animal dinner.,2004,Oil / Energy / Solar / Greentech,8900,1973-07-15 04:58:35.732300
416,f95S4olR6v,Diaz Group,https://www.mcdaniel.com/,Bouvet Island (Bouvetoya),Optional secondary protocol,1991,Writing / Editing,2365,2005-10-12 13:42:48.865047
417,TdrAlldsiO,"Gamble, Chambers and Duran Americas",https://www.roach.com/,Kiribati,Green work what later agreement large yeah federal.,2017,Dairy,8509,1980-07-28 12:00:45.651054
418,o4t85XYQLf,"Perez, Blankenship and Shepard",http://bautista-wu.com/,Belgium,Streamlined solution-oriented infrastructure,2014,Outsourcing / Offshoring,8861,1986-01-13 10:57:36.074865
419,pDqRcQCenQ,"Mosley, Benton and Hernandez",http://bird-vance.com/,Hungary,Profound multi-state website,1970,Political Organization,6235,1992-04-27 03:09:19.686112
420,nyt01OxiKX,Walsh-Mcpherson Germany,http://www.hampton.com/,Cocos (Keeling) Islands,Decision course find thing plant.,2011,Maritime,1625,2009-05-17 00:00:09.379953
421,G3Y32MoXrV,Merritt-Pope,https://www.booker.com/,Albania,Multi-layered heuristic migration,1991,Oil / Energy / Solar / Greentech,1236,1985-11-22 06:06:09.801545
422,N623Vb8SXx,Vance Ltd,http://www.petty.com/,Nauru,Proactive analyzing collaboration,2020,Other Industry,4799,1981-02-07 12:54:29.605396
423,MDd8fAqYNR,Macias PLC,http://www.rubio.com/,Armenia,Extended high-level forecast,1998,Telecommunications,7554,1986-01-16 18:44:27.803414
424,knzqUBaxA3,"Carr, Mitchell and Humphrey",http://www.valdez.com/,Chile,Reactive fault-tolerant Graphic Interface,2025,International Trade / Development,8095,2009-12-20 17:15:15.795469
425,brtkwNCDyV,Dillon Group,https://kerr.com/,Cuba,Robust explicit benchmark,1979,Computer Software / Engineering,4407,2008-04-29 20:01:38.934350
426,sAu7PFllJ7,Padilla Inc,http://montes-murphy.com/,Saint Pierre and Miquelon,User-centric local methodology,2021,Ranching,6413,1972-04-16 06:14:04.154724
427,hpRKZBwDYu,"Hammond, Vance and Tyler Pty Ltd",https://acosta-knight.com/,Barbados,Between recent camera we prevent.,2020,Financial Services,1428,2001-06-03 12:55:17.482546
428,G3pJCrsQra,"Hanson, Waller and Meadows",https://parker.com/,New Zealand,Proactive discrete help-desk,2026,Computer Networking,9372,1987-05-18 20:22:09.760904
429,DfZFo64Sx5,Manning and Sons LLC,https://navarro.com/,Slovakia (Slovak Republic),Pass church hot trouble.,2005,Glass / Ceramics / Concrete,891,2007-08-31 16:40:41.687631
430,7079VW560U,Stevenson-Whitehead,http://www.chaney.com/,China,Synergistic tertiary strategy,1981,Mining / Metals,4755,1982-10-04 08:08:03.430156
431,LXKoyyWzjH,Herrera and Sons,https://www.best-gonzales.org/,Zimbabwe,Persevering impactful complexity,1981,Aviation / Aerospace,636,1993-10-03 01:21:41.861772
432,xWGwGOaU8o,Blake-Rich,https://www.shaw.org/,Haiti,Reactive non-volatile encoding,2013,Financial Services,9784,1971-07-15 17:11:03.255405
433,iXkwniEmfY,Roberson-Barnes,http://www.kerr.com/,Saint Lucia,Multi-tiered systemic hub,1970,Farming,5814,1987-03-22 04:09:25.778088
434,KjWsSlxWkr,Sanders-Tate,http://www.harvey.com/,Sudan,Public-key global complexity,2020,Religious Institutions,4729,1982-01-16 15:04:46.211989
435,jDDKcPiaKH,"Burnett, Rich and Aguirre",https://le.info/,Cayman Islands,Function-based dedicated concept,1989,Fishery,5595,1993-06-05 00:38:45.252866
436,hpRKZBwDYu,"Hammond, Vance and Tyler Holdings",https://acosta-knight.com/,Barbados,Result worker someone somebody bar.,2020,Financial Services,1428,2026-01-19 20:42:14.593297
437,p5wqVnZp2e,Howe Ltd Corp,https://baker.com/,Paraguay,Region goal protect back seat.,1977,Farming,8215,2023-04-15 11:25:40.182968
438,Wmy9FxfOyL,"Ibarra, Benson and Grimes",https://flynn.biz/,Azerbaijan,Automated tertiary capability,1984,Wine / Spirits,2590,2000-09-17 19:43:40.126019
439,wmBRsOhTcF,Paul Ltd,https://www.hoover.com/,Sweden,Team-oriented heuristic encoding,1976,Sports,6256,2016-01-18 14:05:45.752254
440,Ci09zIxilM,"Shah, Orozco and Spencer",http://hahn.org/,Solomon Islands,Face-to-face composite interface,2021,Wireless,9526,2023-03-31 19:19:51.578985
441,2YPAeHbTx9,Hardy-Mays,http://bond.com/,Senegal,Organized bifurcated synergy,1992,Machinery,1824,1975-04-15 21:41:38.401133
442,anQhyKRIvz,"Benjamin, Lara and Bailey S.A.",https://www.curtis.org/,South Georgia and the South Sandwich Islands,Third discussion company scene method trial stay finish.,2012,Import / Export,7240,1986-05-06 10:55:35.257122
443,JHPmmpYygP,"Woodward, Daniel and Barnes PLC",http://www.esparza.com/,Australia,Quickly environment author agency could start.,2019,Market Research,6741,1992-08-30 03:52:03.013116
444,mJ4q9Z6Qic,Casey and Sons Americas,https://www.blankenship.net/,Austria,Agent provide attorney situation other.,2023,Accounting,1015,1999-10-25 03:41:57.057122
445,KjWsSlxWkr,Sanders-Tate Japan,http://www.harvey.com/,Sudan,Dinner away stock see fall.,2020,Religious Institutions,4729,1981-04-19 08:12:43.996591
446,QpBOwapSBD,Velazquez Inc,http://khan.info/,Cuba,Team-oriented user-facing standardization,2021,Veterinary,3070,2002-09-05 18:20:10.516669
447,VH1KYS2A2g,"Lam, Decker and May",http://gutierrez.com/,Iceland,Persistent eco-centric firmware,2018,Luxury Goods / Jewelry,8264,2020-05-15 03:43:49.485478
448,xFVH1l4cwo,Stephenson PLC,https://carey.com/,Syrian Arab Republic,Centralized heuristic leverage,2021,Import / Export,7104,1972-11-14 20:25:16.644948
449,C59wIaQDQi,"Reid, Schaefer and Matthews",https://www.chambers.com/,North Macedonia,De-engineered value-added array,1980,Industrial Automation,1939,2013-06-09 11:48:04.235852
450,3qCuYBo2bD,Booker-Hopkins,https://wong.org/,Norfolk Island,Reactive fresh-thinking matrix,2022,E - Learning,8783,2009-03-26 18:11:17.052232
451,3dITbQ1WCA,Wood Inc,http://ponce.org/,Panama,Balanced clear-thinking emulation,2000,Management Consulting,7652,2026-01-25 12:07:01.087409
452,khBZrpGFSJ,"Doyle, Hardin and Odom",https://rhodes.com/,Brazil,Streamlined intangible interface,1978,Staffing / Recruiting,9474,2004-03-03 09:01:57.691023
453,1yMJSePXYC,"Valentine, Phelps and Arias",https://www.meyers.com/,Bangladesh,Reverse-engineered human-resource software,1975,Law Enforcement,6525,2005-01-02 04:17:23.312676
454,DOGwsEGNgU,Ray Inc,https://willis-mccann.com/,Germany,Quality-focused leadingedge database,2008,Package / Freight Delivery,4663,1987-04-28 22:12:22.420810
455,4orv7H0b0z,Moody-Beck,http://livingston.com/,British Virgin Islands,Open-source full-range portal,1989,Staffing / Recruiting,5191,2014-05-09 15:49:43.449759
456,BUNnd234wk,Moses Ltd,http://www.wise-spence.biz/,Central African Republic,Function-based leadingedge product,1991,Higher Education / Acadamia,4510,1974-04-27 03:40:14.330170
457,bfndVFRfk4,Ball LLC Systems,https://ryan.com/,Korea,Daughter low vote training collection.,2025,Hospital / Health Care,6833,1983-07-07 21:36:23.664724
458,SWsSwrpamD,Hart-Bass,https://www.wolf.com/,Uganda,Secured multi-state task-force,2013,Human Resources / HR,923,2007-12-20 16:40:34.649153
459,aDeuWBJ5eW,Velazquez LLC Logistics,https://www.bowen.com/,Swaziland,Significant against join opportunity surface light.,1998,Wine / Spirits,1135,1998-03-22 22:30:48.449141
460,W4ESLAOX1n,Mitchell-Vega,https://www.nicholson-freeman.com/,Gambia,Profit-focused grid-enabled workforce,1983,Events Services,6470,2017-12-24 13:02:57.535969
461,TtQTdirZLs,"Jimenez, Irwin and Mcgrath Software",https://cox.com/,Mauritius,Same project else will.,1983,Design,8756,2003-11-08 16:32:39.347434
462,E26EMuKHbe,"Bass, Waters and Mason",https://gardner.biz/,Djibouti,Secured asynchronous framework,1990,Retail Industry,7131,2008-08-19 16:00:24.083646
463,P44NRZLQGm,Fox-Velasquez Network,http://fernandez.biz/,Spain,Wrong edge major receive.,1983,Health / Fitness,70,2019-07-06 18:16:46.626327
464,bvtnCMh38k,"Sosa, Sosa and Velez",http://lindsey.info/,Saudi Arabia,Optimized static moderator,1983,Civil Engineering,7140,2018-11-07 04:25:21.965128
465,OPgdSwUtnM,Jimenez LLC Solutions,http://fitzgerald.com/,Philippines,Describe area walk serve.,2001,Law Enforcement,9000,2023-04-29 05:28:49.174979
466,SgMd7PRFlY,Cochran LLC Holdings,https://www.hutchinson.net/,Cameroon,Born read still deep.,1984,Music,6539,2025-12-27 09:12:57.280885
467,5tJZgWisyx,"Mcconnell, Parsons and Oneal Ltd.",http://barry-pineda.com/,Swaziland,Resource heavy support every produce suggest deal left.,1994,Computer Hardware,9674,1980-08-06 16:37:55.633295
468,pMeM2aFULv,Burgess Inc,https://www.madden.biz/,Liechtenstein,Realigned motivating knowledgebase,1992,Legal Services,68,1972-02-18 14:00:11.277145
469,CotJqK5YrA,Mora-Willis S.A.,https://arroyo-underwood.org/,French Polynesia,Finish after turn yard lawyer evening range.,1995,Translation / Localization,6809,2005-03-29 00:45:08.280529
470,VcUN75czhN,Daniel-Guzman,https://www.collins-vaughan.com/,Zimbabwe,Cross-group cohesive core,1980,Photography,9740,2019-12-02 18:47:08.327389
471,I6sxRVpVBR,"Mayo, Roberson and Chung GmbH",https://www.wong.com/,Cocos (Keeling) Islands,Measure drive it consider without.,1970,Marketing / Advertising / Sales,8806,1985-10-14 11:32:28.415845
472,QjckV9GuAB,Goodman Group,https://burnett.org/,Burundi,Reduced foreground software,1978,Graphic Design / Web Design,1198,2004-09-06 05:28:12.223751
473,gd3tdjod5B,Ibarra Group LLP,https://www.woods-may.net/,Antarctica (the territory South of 60 deg S),Body because name by.,2018,Internet,3375,2021-09-09 01:43:40.541425
474,3gGk9URDHH,"Clarke, Mcdaniel and Clements",https://www.sampson.com/,Mauritania,Customer-focused human-resource architecture,2022,Utilities,5380,2014-04-30 16:56:18.620903
475,LQ1Z7EpO88,Cervantes-Atkinson,http://gomez-blackburn.net/,Kenya,Open-architected national paradigm,1983,Leisure / Travel,7855,1983-11-05 00:48:29.116520
476,3MRbcxhdqg,Colon-Macias,http://rowe.com/,Guinea-Bissau,Decentralized user-facing forecast,2026,Alternative Dispute Resolution,556,1993-06-27 19:13:47.121711
477,l4RkqZkA2V,Holland Ltd,https://david-arias.com/,India,Customer-focused stable policy,2009,Automotive,9807,1977-03-23 04:27:19.103363
478,CZBjR6Qkna,Webb-Olsen,https://barajas-andrews.com/,Comoros,Pre-emptive discrete policy,1987,Package / Freight Delivery,9360,1985-07-01 21:07:37.476833
479,2yWJD5G0BG,Booker-Crawford Japan,http://keith.info/,Northern Mariana Islands,Every strategy statement opportunity response story per.,1993,Telecommunications,2657,2005-03-15 03:42:27.425143
480,LyaTHvQt2j,Hill Group,http://www.little.com/,Isle of Man,Persevering bottom-line core,1988,Arts / Crafts,3003,1982-03-09 08:46:49.095945
481,Eo7ACVyJju,Sharp and Sons,http://www.clements.info/,Somalia,Synergized empowering emulation,2022,Veterinary,5268,2010-07-09 04:30:00.164617
482,aYBs79C1m9,Leon and Sons,https://www.christensen-sampson.com/,Saint Vincent and the Grenadines,Intuitive systematic firmware,2000,Paper / Forest Products,6798,1974-01-13 02:10:19.256207
483,9uXRDwoPqz,Aguilar-Bishop,https://moore-copeland.com/,North Macedonia,Stand-alone high-level archive,1995,Facilities Services,2362,1980-02-17 04:06:01.449977
484,bfndVFRfk4,Ball LLC Studios,https://ryan.com/,Korea,The week serious focus represent stop similar.,2025,Hospital / Health Care,6833,1997-11-17 01:17:10.241225
485,h5YXdgM2QU,"Ryan, Mills and Flores",http://zavala.net/,Bahamas,Total exuding migration,1973,Financial Services,5477,2016-01-23 13:49:54.626674
486,8uAn3WQLXG,Olson and Sons Innovations,https://www.bridges.org/,Thailand,Continue nor owner our service over.,1990,Civic / Social Organization,4343,2000-11-06 18:32:33.530862
487,hcLZTSU06E,Olsen-Maynard Investments,http://www.brady-horn.net/,Brazil,Dog seven majority firm ball effect meeting report.,2022,Nanotechnology,8771,1991-03-09 22:53:17.682392
488,G0xRgpXCX2,Barnett Group,https://www.orozco-pollard.com/,Ethiopia,Profit-focused dynamic leverage,2022,Graphic Design / Web Design,8510,1979-04-25 02:49:35.054279
489,mXIDEWQfZL,Dickson PLC,http://atkinson-salas.com/,Saint Lucia,Expanded needs-based middleware,1989,Newspapers / Journalism,6054,2022-08-05 18:22:09.311139
490,Mwi6nRYQFa,Kirk and Sons LLC,https://www.nixon.net/,Liechtenstein,Recently away realize different.,1984,Investment Banking / Venture,4266,2014-04-24 10:45:30.019340
491,5svmdxZZxc,Wood-Jensen,https://www.merritt-petersen.com/,Monaco,Profound next generation open system,1991,Human Resources / HR,3442,1978-02-09 20:17:41.496226
492,GTsFodiC0z,"Burnett, Olson and Mcgee",https://frederick-casey.com/,Afghanistan,Public-key dedicated ability,2021,Nanotechnology,2520,1992-05-01 13:03:10.454105
493,aTpIpjA2Tf,"Larson, Calhoun and Walters",http://barr.com/,Saint Kitts and Nevis,Seamless optimizing knowledge user,1973,Capital Markets / Hedge Fund / Private Equity,5511,1989-07-19 19:43:11.219168
494,hRq8A7D6ZY,"Rush, Higgins and Copeland",http://cline-chung.com/,Congo,Phased didactic structure,1971,Recreational Facilities / Services,8379,1975-11-26 03:18:21.289586
495,esZHnNqHiG,Beck LLC,http://www.shaffer.net/,El Salvador,Face-to-face bifurcated secured line,2025,Fishery,7627,2013-12-10 14:10:17.397776
496,LXKoyyWzjH,Herrera and Sons Systems,https://www.best-gonzales.org/,Zimbabwe,Exist once along machine agent.,1981,Aviation / Aerospace,636,1974-12-22 09:51:49.598926
497,EwSW24Meey,"Callahan, Robles and Garza Canada",http://andrews.com/,Uganda,Itself kid brother system nothing over.,1990,Law Practice / Law Firms,3478,2006-07-10 01:06:27.706048
498,y5o6mX5dnl,"Levy, Schultz and Blake UK",https://www.duncan.com/,Spain,Money question whatever best.,1982,Leisure / Travel,5247,1996-07-26 07:03:17.135472
499,kzkzOCyMwh,Simpson Inc,https://www.kennedy-arias.info/,Denmark,Up-sized attitude-oriented model,2017,Shipbuilding,7856,1986-11-22 02:56:26.840638
500,QlJ1hrkWt6,Ponce Group,http://www.singh-hebert.com/,Burundi,Ameliorated heuristic hardware,2023,Paper / Forest Products,6223,1991-10-17 23:56:04.931977
501,1sK0CVXjDo,Haney-Le Ltd.,http://www.valencia-house.com/,San Marino,Old hour tough tree several.,2000,Consumer Electronics,1666,1976-02-09 14:11:44.280633
502,lUe6D7j0HO,Casey-Shepard,https://pruitt.biz/,Bulgaria,Seamless systematic Graphical User Interface,1979,Alternative Dispute Resolution,5344,1979-07-11 12:21:53.429537
503,5Jw8gqeZIJ,"Mullen, Mcdowell and Strickland",http://petty.biz/,Gambia,Re-engineered discrete analyzer,2017,Glass / Ceramics / Concrete,8252,2000-06-19 03:03:51.093848
504,rVHwDi4oeV,"White, Myers and Carpenter",http://baker.org/,Kiribati,Enterprise-wide maximized matrices,1983,Printing,6859,1992-07-28 03:02:03.123208
505,Q5BWcF7rcV,"Good, Phelps and French",https://www.reese-avila.biz/,Palau,Public-key stable open system,1991,Health / Fitness,5419,2010-07-27 10:30:02.745604
506,zfzghXW92S,"Morris, Beck and Cochran",http://www.odonnell.com/,Zambia,Re-contextualized optimizing array,2024,Architecture / Planning,5899,1976-06-28 01:07:46.747283
507,U6NdpQg8L3,Berger-Rubio DACH,http://www.moore.com/,Mongolia,Example writer history look between true month.,1997,Motion Pictures / Film,1175,1970-04-09 13:53:59.046711
508,zHRTiGO9lG,Hawkins Group India,https://www.griffin-greer.com/,Macao,Form within conference themselves prevent.,1978,Veterinary,5707,2002-11-01 10:02:54.236671
509,z6MsS0RwUw,Jarvis and Sons,http://www.snow-simon.info/,Malawi,Proactive attitude-oriented concept,2009,Capital Markets / Hedge Fund / Private Equity,4438,1973-09-09 04:19:59.075598
510,z0ShKm2Kpp,Golden-Green LLC,http://little.com/,Benin,Foreign technology marriage look civil.,1978,Machinery,7779,1993-01-23 06:25:01.021677
511,ceJX8bCoLM,"Randall, Mora and Park",http://short.com/,South Georgia and the South Sandwich Islands,Self-enabling next generation adapter,2002,Gambling / Casinos,9090,1990-01-01 21:44:04.130709
512,ioLqYoZ8zF,Parrish-Williams,http://shelton-morgan.com/,Denmark,Compatible well-modulated protocol,1980,Consumer Electronics,6691,2001-02-20 06:23:56.466613
513,PWLlxeFooN,"Parks, Miranda and Alvarez",http://ray-stanley.com/,Norway,User-centric systemic implementation,1990,Performing Arts,1722,2025-04-15 19:26:59.742385
514,DMT3lBVmwH,Suarez-Soto,http://www.lutz-boyd.com/,Poland,Persevering zero-defect policy,1976,Investment Management / Hedge Fund / Private Equity,1027,1976-11-16 12:10:31.737476
515,rsmPpnmSOC,Weiss Group,https://peters.com/,Spain,Monitored zero administration middleware,2005,Investment Management / Hedge Fund / Private Equity,6063,2002-07-30 12:28:29.900664
516,pjJUJFDc48,Costa-Lindsey,http://www.mckee-clayton.com/,Svalbard & Jan Mayen Islands,Polarized foreground emulation,2006,Package / Freight Delivery,3463,2002-06-25 08:36:22.719415
517,eEJZ4mo2LF,Roth-Rosario,https://www.anthony.info/,Libyan Arab Jamahiriya,De-engineered static moderator,2001,Civic / Social Organization,8416,1989-10-07 04:52:01.433799
518,16Kv3YeSRU,Navarro Inc,http://cochran-williamson.com/,Venezuela,Focused disintermediate orchestration,1980,Real Estate / Mortgage,8202,2014-03-05 02:10:15.988584
519,XlB0Qnfr0P,Chavez Group Pty Ltd,http://vazquez-mccann.info/,South Africa,Team finish ten expert every rise there.,1999,Other Industry,8807,2013-08-07 04:23:27.376859
520,8VWqrwTfcP,Ortiz-Hudson,https://www.dean-krueger.com/,Slovakia (Slovak Republic),Streamlined bi-directional knowledgebase,2020,Alternative Dispute Resolution,4301,2023-02-04 12:29:27.116671
521,asEqzCWc48,"Moran, Medina and Best",http://www.pruitt.org/,Taiwan,Face-to-face transitional hardware,1978,Public Relations / PR,5866,1994-03-04 20:08:03.327212
522,3oBI1FyZ3E,"Beck, Robertson and Carson",http://www.craig.com/,Colombia,Networked eco-centric structure,1976,Legislative Office,9854,1983-11-15 15:24:43.234016
523,hskzSt8vP6,Daniel-Gibbs,http://salazar.com/,Turkey,Extended tangible projection,1988,Paper / Forest Products,4615,1979-09-16 01:40:58.748307
524,oB8yVh8VeY,Bautista-Fisher,https://www.foley.com/,Myanmar,Multi-tiered composite encryption,1987,Tobacco,4998,1970-10-21 11:38:21.754355
525,eGJeC8oktP,Juarez Group,https://ortiz-salas.com/,Gibraltar,Configurable scalable moderator,2018,Computer Networking,9347,2016-01-19 16:31:35.272675
526,XknL4FvaHD,Blackwell-Burns Cloud,https://burns-murray.com/,Luxembourg,Compare rock you crime method yourself value smile.,2023,Alternative Medicine,3851,2006-02-14 03:32:02.429314
527,jnueXGEokp,Harrell-Avery,https://huff-horne.info/,Cuba,Enhanced systematic process improvement,2008,Retail Industry,9056,1974-11-22 09:50:11.432592
528,KQzlufAsBO,Moyer-Hays,https://www.mayer.com/,Mauritius,Sharable dedicated capability,1978,Gambling / Casinos,5417,1980-03-30 09:00:11.894956
529,haglQvzRZK,Rosario-Mcmahon Dynamics,http://www.long.com/,Kiribati,Wish notice under theory suffer.,2005,Philanthropy,9474,1973-09-19 01:03:19.113892
530,MU8yFyX7B0,Krause and Sons,https://aguilar.com/,Morocco,Synergized transitional support,1992,Executive Office,294,2002-07-27 23:44:49.140258
531,hskzSt8vP6,Daniel-Gibbs Incorporated,http://salazar.com/,Turkey,Safe scientist fast.,1988,Paper / Forest Products,4615,2024-05-27 07:34:38.928278
532,GQfZ9bPEsM,Holden Group Americas,http://www.king.com/,Samoa,Former tonight concern art enough share mean share.,1988,Government Administration,4577,2024-07-29 12:55:27.024864
533,5PyAbSiRgr,"Benjamin, Bowers and Cline EMEA",https://www.morales.com/,Benin,Force dark this.,2006,Packaging / Containers,816,2011-07-25 23:09:55.079816
534,Vac5Mf01EU,Sellers Ltd,http://www.carter.com/,France,Versatile explicit knowledgebase,2009,Judiciary,5586,2010-04-28 17:39:37.546689
535,w9X1pNcvle,Copeland LLC,http://www.vance.net/,Martinique,Focused user-facing analyzer,1970,Events Services,6435,2003-08-16 23:05:18.872597
536,fotl3Yyfry,"Livingston, Wang and Cuevas",http://www.marshall.biz/,Montenegro,Robust scalable project,2006,Venture Capital / VC,7696,2001-05-17 13:28:10.185056
537,Wl9X1dwffr,Floyd PLC,http://www.gonzales.com/,Saint Helena,Function-based composite function,1994,Real Estate / Mortgage,5379,2019-05-11 22:23:19.465919
538,Eo0CtSPEw2,Wilkinson LLC,https://farley-davila.com/,Korea,Fundamental systematic superstructure,1986,Translation / Localization,721,2003-09-18 21:16:11.606691
539,s3ld2TwaNv,Bowman-Roy,http://ponce.org/,Bahamas,Customizable even-keeled forecast,2008,Sporting Goods,1961,2013-04-22 09:18:35.444288
540,UtFmCQyIus,Choi-Moyer,http://www.lam-pitts.org/,Sierra Leone,Reactive local capability,1970,Dairy,5387,1991-05-13 21:40:38.405803
541,eGhRVE2eP4,Thornton LLC,http://silva.com/,Ghana,Progressive 4thgeneration process improvement,1970,Printing,1496,1991-11-03 17:28:11.097703
542,ByciidfT0q,"Becker, Ibarra and Kaufman",http://www.montgomery-james.com/,Puerto Rico,Ameliorated bi-directional open architecture,2000,Wholesale,6625,1974-06-30 07:36:13.804886
543,MKwWWrTIQt,Herrera and Sons,http://www.jacobson-george.com/,Chile,Pre-emptive encompassing protocol,1998,Think Tanks,9595,1994-02-26 06:00:53.362699
544,rZLewoQxbb,Marshall Group S.A.,https://www.callahan.com/,Argentina,New always maybe nice own set.,2025,Building Materials,8230,1976-02-27 10:59:56.999346
545,hVt8ymIi9d,"Mathis, Mckinney and Hoffman",https://stafford.com/,Denmark,Stand-alone motivating moderator,1971,Media Production,9192,2006-07-22 15:48:35.654610
546,sTvTW2aUD2,Mathis Inc,http://www.luna.com/,Grenada,Reactive holistic toolset,1988,Accounting,2101,2011-01-30 22:34:28.921495
547,xsTHy50sb8,"Pearson, Riley and Andrews",https://www.glass.com/,Tajikistan,Decentralized user-facing throughput,1993,Maritime,2924,2019-05-07 14:26:20.580767
548,0mfI5CVHwF,Hicks Inc,http://watson.com/,Haiti,Up-sized user-facing hardware,2017,Arts / Crafts,6174,2009-08-31 01:04:23.437430
549,GIAB8pVm8P,Hopkins-Nixon Americas,https://www.huff-moreno.com/,Burundi,Far no strategy author.,2009,Architecture / Planning,9454,1980-05-18 01:47:10.722951
550,qtuDH4Kvsj,Moody PLC,https://torres.com/,Chile,Cloned content-based knowledgebase,2014,Graphic Design / Web Design,6306,2026-02-23 23:10:35.036222
551,1PW1eBYd3J,Forbes-Chavez Africa,http://carr.com/,Ireland,Garden site real true fall past explain.,2024,Farming,9760,1996-03-17 10:28:15.049692
552,2KVjl4Xiwe,"Barton, Smith and Moss",http://mcgrath-melendez.com/,Morocco,Innovative high-level time-frame,1984,Mechanical or Industrial Engineering,5379,1973-03-27 12:38:55.786331
553,vixcnsCtjA,"Riley, Meadows and Ramirez",https://tanner.com/,Canada,Upgradable client-driven intranet,2006,Facilities Services,8127,1984-12-22 06:23:24.391037
554,P0dbUZxBaC,Graves Group,https://www.moreno.com/,Uganda,Public-key web-enabled leverage,2019,Computer / Network Security,1024,1989-04-18 00:40:07.293145
555,uN8oZgWYhK,Mckenzie PLC,https://www.parrish.com/,Martinique,Monitored secondary emulation,2005,Hospital / Health Care,2626,2009-11-12 21:10:33.733777
556,UMJ8wpsH9c,"Pineda, Humphrey and Hunter",https://www.whitney.com/,American Samoa,Grass-roots encompassing archive,1993,Non - Profit / Volunteering,3762,2025-11-01 14:57:17.656584
557,YJqwmwZP5N,Lynn Group PLC,https://dalton.com/,Ghana,Half reduce likely these approach whole my.,2007,Individual / Family Services,3714,2000-03-29 16:26:33.150711
558,mjYEt6bzli,"Underwood, Fernandez and Contreras",http://sutton-hobbs.net/,Kuwait,Sharable modular strategy,1970,Maritime,7976,2003-06-29 13:10:15.885928
559,fzc54prrgr,Odom Ltd,http://www.wall.com/,Russian Federation,Optional full-range Graphic Interface,2016,Think Tanks,1270,1999-05-12 07:04:22.817967
560,9qy0mJvoSK,"Reynolds, Griffin and Wolf",http://www.huerta-everett.org/,New Zealand,Enterprise-wide asymmetric monitoring,2003,Financial Services,6838,2010-01-10 23:38:28.126860
561,f95S4olR6v,Diaz Group Pty Ltd,https://www.mcdaniel.com/,Bouvet Island (Bouvetoya),Enter effect especially.,1991,Writing / Editing,2365,2020-05-15 12:00:57.753963
562,b5kHr5pmHD,Jefferson-Mcneil,https://www.hendrix.com/,Togo,Persevering zero-defect Internet solution,2014,Non - Profit / Volunteering,1003,1982-07-14 09:09:53.830993
563,OUtJXVpPgj,Bryant-Singh,http://www.brock-cuevas.com/,Armenia,Multi-channeled holistic methodology,2014,Plastics,2988,1972-01-07 20:12:15.158977
564,mYkWHAqh8Q,Berger and Sons Corp,https://hawkins-charles.net/,French Guiana,Community necessary pay newspaper.,1987,Entertainment / Movie Production,4916,1974-11-24 08:15:52.172556
565,sGbOUUjWwI,Meyers-Williamson,https://mccann-hawkins.com/,Solomon Islands,Devolved systemic task-force,2010,Wine / Spirits,5313,1979-02-12 00:13:02.117317
566,bZxMLTAqM9,"Kirk, Hinton and Sanders",https://fernandez.com/,Ghana,Customizable needs-based moderator,1997,Fine Art,2856,1987-08-26 13:18:25.763137
567,rZLewoQxbb,Marshall Group PLC,https://www.callahan.com/,Argentina,Cold very better region order place.,2025,Building Materials,8230,1996-02-14 20:15:38.524582
568,E2cjF4oW9O,"Gibbs, Pugh and King Australia",https://moyer.net/,Liechtenstein,Court trouble painting.,2001,Photography,6683,1997-06-01 17:49:15.169587
569,KcwrPtwb1I,Gray-Lane,https://www.serrano.info/,Mayotte,Multi-channeled value-added complexity,2009,Pharmaceuticals,1037,1992-03-10 10:23:10.905337
570,SSfDOe8CWK,Meza-Matthews SAS,https://www.good.com/,India,Base point long at civil purpose.,2025,Shipbuilding,9663,1995-01-21 15:43:58.191595
571,lnhiiNL7fv,"Gaines, Mercer and Porter",http://www.browning.com/,Burkina Faso,Visionary exuding concept,1987,Machinery,2917,2005-11-07 06:25:08.461666
572,ddCXAqfhj4,"Kelly, Christensen and Cantrell",http://www.castillo.com/,Cape Verde,Proactive optimal concept,2012,Plastics,1384,2000-05-20 12:20:09.505011
573,PGyChmkE9L,Schmidt-Lewis,http://www.serrano.com/,Guam,De-engineered optimal success,2014,International Affairs,647,1985-01-03 00:47:50.956244
574,jDDKcPiaKH,"Burnett, Rich and Aguirre Japan",https://le.info/,Cayman Islands,Too shake land especially dinner.,1989,Fishery,5595,1981-09-04 19:23:53.733456
575,nnnxZD4M3L,Wilcox-Archer Co.,http://kerr-mccarthy.com/,Guadeloupe,Season purpose crime.,2007,Publishing Industry,1298,2018-10-22 18:50:10.075183
576,WKIJWeRzK8,Mcbride-Galloway,https://dickerson.com/,Myanmar,Organic maximized software,1975,Banking / Mortgage,6237,2026-04-08 22:54:28.811842
577,CQKGcPfZKH,"Spencer, Charles and Roberts",http://www.bradley-mann.com/,Somalia,Up-sized uniform website,1974,Religious Institutions,139,1984-05-18 23:54:24.429935
578,0lx9X1FUkc,Middleton PLC DACH,http://www.wilkinson.com/,Cocos (Keeling) Islands,Despite deal it couple health.,1978,Online Publishing,7945,1994-10-30 03:25:55.670570
579,6ws4IMLCod,"Murphy, Haas and Delgado",http://welch.net/,French Guiana,Function-based systematic conglomeration,1980,Library,1302,1996-05-27 19:21:36.819003
580,CGRDjjNqni,Mayer-Mathews,https://hernandez.biz/,Sri Lanka,Progressive solution-oriented attitude,2009,Government Relations,8675,1996-02-16 03:41:04.830396
581,jCioflpFeb,"Acosta, Ashley and James",http://www.carlson.com/,Czech Republic,Assimilated actuating interface,1987,Defense / Space,9624,2026-05-30 02:00:45.287566
582,KH5Vx4FSWq,"Rangel, Carey and Cain",https://www.wall-barr.com/,France,Self-enabling value-added hub,1981,Legislative Office,7426,1985-05-14 23:17:21.101642
583,nIKI0CTc2s,Hanna PLC Asia,https://www.irwin.com/,Mauritania,Reveal over beat here movement provide I.,2015,Media Production,6318,1983-05-02 03:02:04.749865
584,mK3U0H7rAR,"Barber, Mcdaniel and Obrien Australia",https://alvarez-cobb.biz/,United States Virgin Islands,Drive stand walk whom serious study into.,1977,Supermarkets,9603,1991-12-29 22:57:49.858766
585,ch2KxClZWy,Zamora-Castro AG,https://moody-mclaughlin.com/,Comoros,Project international hard need degree certain mind.,1982,Security / Investigations,6515,2020-10-21 17:08:20.718846
586,4XzTieoObo,Sweeney Inc,https://mccarthy.com/,Finland,Cross-platform encompassing protocol,1990,Alternative Dispute Resolution,1642,2000-01-21 15:03:49.944248
587,Mv64EJeNZF,Huff-Burgess,http://www.mccoy-villarreal.com/,Paraguay,Diverse fault-tolerant time-frame,2009,Library,6683,2010-05-27 01:47:39.983487
588,qsAxYhZK9U,Walls-Rubio,http://www.farrell-golden.net/,Uganda,Organic cohesive paradigm,1973,Primary / Secondary Education,1845,2021-02-08 15:05:40.995088
589,qxhBaZ03W1,Sweeney Inc,https://www.greer-walsh.com/,Spain,Fundamental systematic open architecture,1983,Legislative Office,3461,2005-06-26 06:18:30.182429
590,XlBj4eODk0,Rangel and Sons,https://www.schroeder.com/,Monaco,Realigned 5thgeneration protocol,1988,Industrial Automation,8082,2024-07-20 16:46:19.581185
591,cyznHGvmLJ,"Stevens, Hebert and Frank",https://www.decker-kelley.info/,Martinique,Digitized holistic frame,2010,Maritime,9562,2009-01-26 02:06:25.797080
592,h6285oWmtc,Burch and Sons,https://www.andrade.com/,Bahrain,Triple-buffered modular capability,1999,Leisure / Travel,6573,2014-05-26 02:59:10.423280
593,HJkA6r0DMK,"Bowman, Cook and Castaneda",http://schroeder.com/,United States of America,Integrated non-volatile definition,1974,Events Services,9012,1982-06-05 11:11:07.329228
594,hcLZTSU06E,Olsen-Maynard USA,http://www.brady-horn.net/,Brazil,Democratic draw floor season gas record.,2022,Nanotechnology,8771,1973-03-11 13:47:34.920438
595,jow1UtwG6S,"Dillon, Mclean and Contreras Holdings",http://www.lawson.biz/,Niger,Also situation difference wait against.,1987,Consumer Goods,5321,1975-03-19 21:31:25.726436
596,cmdaDW7wGy,Mullins-Coffey,http://www.dawson.org/,Ukraine,Open-source uniform monitoring,1970,Mental Health Care,4869,1996-09-03 05:02:10.609395
597,C5iVvWA08C,"Jefferson, Baker and Montgomery",https://mckay.com/,South Africa,Ameliorated interactive Local Area Network,1979,Philanthropy,7459,1973-03-28 06:32:39.068574
598,qUHyN0KZqI,Sexton LLC Industries,http://moon.com/,Zimbabwe,Note officer PM serve play.,2004,Events Services,4761,1986-04-26 10:46:23.400780
599,brtkwNCDyV,Dillon Group LLC,https://kerr.com/,Cuba,Strong with how.,1979,Computer Software / Engineering,4407,1998-08-10 07:52:49.385418
600,MQbTTYlzK9,Stevens Inc,https://www.morrow-mckay.biz/,Bouvet Island (Bouvetoya),Synchronized even-keeled strategy,2020,Management Consulting,9737,2004-05-23 10:31:57.702852
601,vUJC7TFcIu,Mckay-Casey Dynamics,https://www.estrada-hendricks.com/,Jordan,Article agree already hand account.,1998,Gambling / Casinos,6308,2021-03-04 10:18:33.573343
602,Riq5dCGR0e,"May, Berry and Anthony",https://newton-hancock.net/,Vanuatu,Optional didactic database,1991,Legal Services,1624,2001-03-14 13:14:49.600721
603,HJU0gIx70a,Ponce and Sons,https://randolph.com/,Denmark,Intuitive well-modulated archive,1989,Wireless,6370,2010-04-26 02:36:34.756085
604,mRhsGcTSmY,Hensley-Pope,https://www.richard.com/,Jordan,Robust neutral open system,1978,Political Organization,8989,1975-12-20 06:04:07.611752
605,xWGwGOaU8o,Blake-Rich Software,https://www.shaw.org/,Haiti,Then color management value.,2013,Financial Services,9784,1975-10-11 12:53:16.349781
606,a2urE97SiS,Leon-Holloway,http://scott-macias.org/,Congo,Future-proofed mobile project,1970,Fundraising,5306,2022-05-26 11:53:17.099166
607,YTP3JIWhcj,Torres-Leach Software,http://chase-spence.com/,Solomon Islands,Light knowledge program relate together become.,2011,Outsourcing / Offshoring,9673,1986-08-26 19:20:23.151466
608,Cg0uflTykS,Singleton LLC,http://terry.biz/,Niger,Adaptive needs-based framework,1980,Venture Capital / VC,2477,1992-09-16 06:40:08.760720
609,MzocKu4JY1,Estrada-Arroyo,https://www.meza.info/,Brazil,Total systematic pricing structure,2022,Renewables / Environment,8943,1972-12-02 03:58:05.066201
610,tnZLeIGL7e,Mcneil Group,http://friedman-russo.com/,Comoros,Centralized human-resource system engine,2010,Civil Engineering,5776,2021-05-25 17:37:09.923655
611,SWsSwrpamD,Hart-Bass Pty Ltd,https://www.wolf.com/,Uganda,Gas sing report serve.,2013,Human Resources / HR,923,1973-10-24 22:10:26.907867
612,2pAQTTMZXS,Ewing Ltd Technologies,http://espinoza.com/,Saint Martin,Air foot young throw charge wonder international.,1975,Retail Industry,6527,1982-10-09 07:32:00.830869
613,4c4G1npCbX,Chase PLC,https://pearson.com/,Jersey,Pre-emptive cohesive initiative,1988,Building Materials,4895,1970-03-07 11:27:29.342675
614,fUkfeTEkZU,Farmer-Paul,http://raymond-abbott.com/,Haiti,Balanced dedicated forecast,2022,Import / Export,1352,2021-05-25 17:01:55.812519
615,b5kHr5pmHD,Jefferson-Mcneil Co.,https://www.hendrix.com/,Togo,Set outside watch realize.,2014,Non - Profit / Volunteering,1003,2018-07-21 13:39:03.816443
616,uwWtvWptP5,Odonnell and Sons,http://www.kane-beck.com/,Iraq,Centralized optimizing functionalities,1987,Government Administration,5646,1984-01-22 09:37:58.774542
617,8ZTE3bfOrh,Barrera-Oneill,https://www.donovan-mayer.info/,Costa Rica,Upgradable methodical function,1997,Pharmaceuticals,6754,2005-06-29 11:54:32.333186
618,oCrbV4FOjV,"Key, Bishop and Hodges",http://keller.info/,Bangladesh,Centralized contextually-based contingency,2006,Government Administration,6139,2001-07-30 22:46:49.299467
619,DOzDbV8NMI,Hammond Inc France,https://www.rich.net/,Niue,Term peace whom middle able class response rich.,2023,Dairy,1197,2004-03-12 15:12:02.555112
620,aXJISmWQVk,Morse LLC,https://gordon-beck.com/,Cameroon,Operative logistical hierarchy,1984,Restaurants,338,2006-03-15 05:33:48.511235
621,mezpUbapy2,Daniel-Santiago Capital,http://www.harris.com/,Egypt,North drive throw military goal near will.,1993,Civil Engineering,8807,2025-02-05 07:16:39.684057
622,JltpN5A7mh,Brown Group,http://www.preston-lozano.info/,Togo,Fully-configurable value-added website,2021,Information Technology / IT,1599,1977-10-17 19:48:05.109462
623,I281hePhBm,"Castro, Glover and Woodward",http://www.odonnell-le.net/,Slovenia,Multi-lateral zero administration moderator,1979,E - Learning,196,1975-07-24 18:13:22.715616
624,L1lAAlvaFw,Campbell-Chavez,http://www.garcia.com/,Luxembourg,Horizontal fresh-thinking forecast,2012,Dairy,5708,2020-09-25 12:34:46.855642
625,pMeM2aFULv,Burgess Inc Design,https://www.madden.biz/,Liechtenstein,Style others thousand person.,1992,Legal Services,68,2003-11-03 01:21:11.290822
626,b5ClHtyEud,"Francis, Compton and Burnett",http://www.parrish.com/,Thailand,Integrated 4thgeneration utilization,1984,Health / Fitness,4841,1971-09-12 12:31:54.305321
627,EmoE1Bet0r,Gomez-Stafford,https://henry.com/,Germany,Team-oriented dynamic Graphic Interface,2005,Staffing / Recruiting,6431,2018-01-13 03:30:32.821042
628,spMTVEo4pw,Rollins Group,https://bush-daniel.org/,Gibraltar,Multi-channeled dynamic hardware,2013,International Trade / Development,4648,2004-04-08 23:24:26.110554
629,PijYWTwGwK,"Guerra, Jensen and Welch",https://barnes.com/,Panama,Organized zero administration benchmark,1990,Logistics / Procurement,2990,2005-09-28 22:01:17.872659
630,Aj9tC5R5aO,Waters-Williamson,http://www.downs-hickman.com/,Gabon,Cloned motivating Graphic Interface,2004,Venture Capital / VC,4527,1986-07-19 23:05:02.614411
631,HJU0gIx70a,Ponce and Sons Canada,https://randolph.com/,Denmark,Support organization student after.,1989,Wireless,6370,1973-09-14 17:16:32.757988
632,ghyebX67N7,Mack and Sons S.A.,https://austin.com/,Italy,Technology modern method fact water alone standard standard.,2003,Music,5960,1995-05-16 17:17:22.468186
633,6AwD6JN4sE,Mckenzie-Solis,http://chung.net/,Western Sahara,Extended 24/7 budgetary management,1990,Broadcast Media,9952,2019-06-09 08:26:37.768449
634,aijvN6n9Gd,"White, Christensen and Faulkner",https://medina-lucas.biz/,Nicaragua,Intuitive tertiary forecast,2010,Machinery,21,2026-01-09 22:48:41.404707
635,ru3oq6QJl8,Werner Group,http://davidson-butler.com/,Vietnam,Pre-emptive optimizing pricing structure,2000,Biotechnology / Greentech,3149,1987-01-18 11:33:04.100372
636,pMeM2aFULv,Burgess Inc Americas,https://www.madden.biz/,Liechtenstein,Bar edge thought minute enter director money.,1992,Legal Services,68,2024-08-10 04:14:42.854577
637,5Sv4RJqcEK,Morris LLC,https://www.aguilar.info/,Bahrain,Optional multi-tasking superstructure,1999,Railroad Manufacture,1812,1985-03-20 04:41:42.038959
638,kg0ofMbnd9,Compton LLC,http://www.powers-fry.info/,Honduras,Realigned dedicated analyzer,1996,Chemicals,9331,1989-08-22 18:07:17.558312
639,j9rTpTIpwV,Parks Ltd,http://shepard.com/,Rwanda,Secured leadingedge pricing structure,1989,Consumer Goods,7307,1975-12-01 02:19:08.988828
640,CthzpVy7Uq,"Rangel, Parks and Velazquez",https://kim.com/,Congo,Balanced human-resource focus group,2007,Gambling / Casinos,5210,1995-01-11 13:04:58.010011
641,DBETHBsbSw,Mahoney-Hull,http://graham-ayers.com/,Korea,Front-line interactive project,1984,Design,8343,2025-04-10 22:53:13.256246
642,DqE2ecmmKq,Liu-Thomas,https://carroll.com/,Greenland,Visionary empowering protocol,2000,Renewables / Environment,823,1998-10-15 02:49:14.837154
643,vUuHNMcoGD,Beasley-Boyer,https://www.cooley-dawson.com/,Bermuda,Down-sized clear-thinking help-desk,2017,Textiles,1427,2012-01-18 14:05:38.748111
644,I897NjFxIj,Garner-Bonilla,http://hodges.org/,Seychelles,Seamless 5thgeneration database,2001,Executive Office,8531,1976-07-30 01:49:35.599430
645,mkCwfVZCBv,"Savage, Tyler and Pineda",http://bruce.com/,Turks and Caicos Islands,Centralized intangible portal,2004,Internet,8511,2022-11-04 15:41:35.598442
646,U5Vvhyoy8S,Bradley-Blake USA,http://www.rivas.info/,Nicaragua,Relationship single outside.,2000,Glass / Ceramics / Concrete,997,2016-05-28 15:37:39.743937
647,INCihHn1Hj,Sandoval-Nelson,https://www.beck.net/,Saint Vincent and the Grenadines,Synergized 24/7 matrix,2026,Restaurants,2960,1998-07-13 08:05:52.127929
648,Sbok07uTtn,"Fitzpatrick, Donovan and Morales",http://www.ho.biz/,France,Re-contextualized national pricing structure,1998,Paper / Forest Products,3490,2005-08-09 14:26:29.885587
649,rsmPpnmSOC,Weiss Group Limited,https://peters.com/,Spain,Collection most nice the.,2005,Investment Management / Hedge Fund / Private Equity,6063,1982-02-04 14:22:12.239083
650,JCsoQzslwd,Mclean-Henry,https://downs.com/,Montserrat,Operative incremental initiative,2012,Facilities Services,8964,1992-05-07 20:48:01.794967
651,3TGcU3d7Ji,Jefferson Group,https://potts-hahn.com/,Kiribati,Optimized well-modulated database,2009,Research Industry,8782,1974-09-27 07:32:55.444036
652,yqKDpWufPq,Greer-Huff,http://www.davila-mclaughlin.com/,Lao People's Democratic Republic,Face-to-face eco-centric function,1985,Leisure / Travel,9815,1987-10-06 12:52:52.181613
653,9QBlwl2Jak,"Mercer, Barrera and Kelley",https://www.elliott.com/,Guinea-Bissau,Organic background project,1999,Education Management,2756,2026-06-17 14:20:24.792702
654,zNWxLfHtKc,Nelson-Grimes Company,http://www.franco-proctor.com/,Slovenia,Gas believe then model meet friend deal.,1979,Business Supplies / Equipment,6124,1975-10-21 23:38:31.937489
655,iFoz57mpba,Maldonado PLC,http://www.richmond.info/,Zambia,Innovative heuristic ability,2015,Construction,8641,2016-04-17 12:26:01.360746
656,8eWG1xfMqq,Contreras-Meza Enterprises,http://freeman.com/,Saint Barthelemy,Lose art current audience window evening.,2001,Chemicals,609,2025-06-08 12:47:06.839075
657,Ofkaj2jLfj,Ballard Inc Design,http://clay.info/,Turkey,Draw issue whole can Mr.,2020,Utilities,284,2020-03-10 22:10:02.773124
658,JnoVpjrDaj,"Larson, Lester and Brandt",http://downs.info/,Mozambique,Synergistic eco-centric throughput,1990,Primary / Secondary Education,8744,1989-12-30 20:26:49.493582
659,IaThDcDTj1,"Morgan, Dalton and Combs",http://harper-jordan.info/,China,Synergistic 24hour capacity,2014,Law Enforcement,4980,2025-05-22 01:16:39.166447
660,wsYYG72LZv,Mayo Inc,https://www.nash-romero.com/,Bosnia and Herzegovina,Upgradable encompassing infrastructure,2007,Supermarkets,4145,1975-05-17 01:05:14.350076
661,lkAzmzqsZv,Mullins and Sons,http://burch.org/,Zambia,Integrated logistical intranet,2009,Investment Management / Hedge Fund / Private Equity,6268,1995-04-24 04:39:22.529532
662,GZfh9JrMeL,Duffy Inc,http://hahn-chung.com/,Aruba,Right-sized systemic artificial intelligence,1988,Newspapers / Journalism,1044,2022-10-15 11:57:04.232044
663,aPltF0KAeb,Andersen LLC,http://www.rowe.biz/,Svalbard & Jan Mayen Islands,Monitored neutral model,1991,Computer Hardware,7351,1975-08-31 01:39:17.852608
664,EwSW24Meey,"Callahan, Robles and Garza Logistics",http://andrews.com/,Uganda,Financial think best must.,1990,Law Practice / Law Firms,3478,1983-05-20 18:36:41.851690
665,EBrIO6Ilol,Sharp-Lara,https://www.crane.info/,Barbados,Vision-oriented demand-driven customer loyalty,2020,Fundraising,9192,2020-11-05 14:23:07.188047
666,NIEXIZ3MyM,Walker-Hart,http://www.lopez-butler.biz/,El Salvador,Future-proofed 5thgeneration open system,2025,Computer / Network Security,9115,1988-01-22 14:25:46.965436
667,uwWtvWptP5,Odonnell and Sons Systems,http://www.kane-beck.com/,Iraq,Scientist return particular involve practice action.,1987,Government Administration,5646,1990-09-11 04:24:38.968609
668,SqANSqCnln,Terry Group Nordics,https://www.stewart-forbes.com/,Christmas Island,Dark that soldier might their include draw.,1972,Consumer Electronics,6002,2012-07-23 02:59:44.558813
669,0ex3Ipyji7,Livingston-Kemp,http://snyder.com/,Czech Republic,Automated zero administration migration,1989,Semiconductors,2779,2011-04-13 08:04:11.301127
670,Ofkaj2jLfj,Ballard Inc Logistics,http://clay.info/,Turkey,Parent natural glass top.,2020,Utilities,284,2011-10-09 03:19:05.186667
671,ryP4nNW6Cj,Strong-Trujillo,http://www.dodson.com/,Ukraine,Decentralized multi-state toolset,1995,Food Production,8390,2006-07-23 01:09:53.003471
672,TfgjL20n1F,Woods LLC,http://contreras.com/,Ethiopia,Configurable attitude-oriented methodology,2021,Restaurants,8089,1973-05-19 21:15:24.764548
673,2pAQTTMZXS,Ewing Ltd Africa,http://espinoza.com/,Saint Martin,Write sort cut method.,1975,Retail Industry,6527,1989-04-22 17:54:01.728048
674,WKIJWeRzK8,Mcbride-Galloway Company,https://dickerson.com/,Myanmar,Explain part name century speak.,1975,Banking / Mortgage,6237,2022-03-31 07:24:49.982505
675,wKF6KT3oim,Todd-White,https://townsend.biz/,Congo,Switchable directional approach,2019,Non - Profit / Volunteering,2754,1979-04-17 12:03:40.702174
676,oX5yRVTh3P,Porter-Brooks,http://franklin.com/,Turkmenistan,Multi-lateral intermediate projection,2001,Warehousing,870,1997-08-27 12:15:41.473318
677,sblRbhQQmF,"Gibson, Flynn and Dyer",http://www.newman-carpenter.org/,Rwanda,Business-focused motivating emulation,2024,Executive Office,9530,1997-12-27 12:29:18.667699
678,cK8OymtuEn,Randall-Casey India,https://french.com/,Kiribati,Generation through PM west sometimes.,1987,Religious Institutions,2984,1972-04-13 21:26:18.611495
679,PNykJhnT51,Charles-Mcgee Logistics,https://www.king.info/,Venezuela,Television build happy possible ok really star.,1992,Wine / Spirits,9516,1982-06-21 14:31:29.403041
680,TZI68SGJSY,Crane-Mora,https://costa-castillo.biz/,Qatar,Focused tertiary project,1978,Fine Art,7378,1986-03-22 08:18:24.247117
681,nyt01OxiKX,Walsh-Mcpherson Company,http://www.hampton.com/,Cocos (Keeling) Islands,Six matter claim Republican.,2011,Maritime,1625,2002-12-20 10:56:02.598069
682,vQelhn2jNe,Wells-Guerrero,http://www.crane-perkins.com/,Svalbard & Jan Mayen Islands,Exclusive methodical algorithm,2011,Transportation,8518,1971-02-25 00:43:46.299179
683,opAP0YhIZO,"Johns, Baker and Fernandez",https://www.hatfield-duncan.com/,Sudan,Grass-roots dedicated functionalities,2021,Photography,839,1994-12-05 12:11:20.590561
684,4MSna8rcGZ,Galloway and Sons,http://www.avila-spencer.biz/,Congo,Right-sized maximized challenge,1988,Logistics / Procurement,3771,2006-10-02 07:24:26.002495
685,du94HiGYZw,Jensen LLC,http://www.pacheco.info/,Switzerland,Centralized holistic structure,1975,Motion Pictures / Film,5624,2009-12-24 20:55:54.454546
686,zejDaQuxFC,Singleton and Sons,https://www.woodard.biz/,Kyrgyz Republic,User-friendly value-added firmware,2011,E - Learning,2833,2017-09-16 15:43:38.790599
687,xnQUYjxzR4,"Fernandez, Spence and Estrada",https://shea-byrd.com/,Jamaica,Enhanced disintermediate Internet solution,2005,Semiconductors,3860,1975-06-08 19:11:21.899335
688,ghyebX67N7,Mack and Sons Germany,https://austin.com/,Italy,Information degree single board tree learn treat.,2003,Music,5960,2019-01-01 15:54:38.283521
689,lS7fr4lyiL,"Mccann, Montes and Obrien Media",https://www.valdez.org/,Moldova,Hotel outside bad their pressure raise write.,2025,Government Relations,7161,1998-06-26 13:03:08.556506
690,bQAJuc2ohB,Mcneil Group,https://marshall.com/,United Kingdom,Profound empowering help-desk,1985,Writing / Editing,2270,1993-03-03 09:51:22.873992
691,geLm1zhF6H,"Foley, Nichols and Cain",https://www.randall.com/,Liechtenstein,Distributed asymmetric array,1993,Railroad Manufacture,3870,2000-11-18 05:40:40.887141
692,IyFMD9wwJZ,Powers LLC,https://blackwell-costa.net/,Georgia,Digitized even-keeled neural-net,1990,Railroad Manufacture,5954,1996-05-27 04:59:22.151546
693,5DNhOEFEm6,Wilson Group,https://woods.com/,United Arab Emirates,Multi-layered value-added monitoring,1989,Semiconductors,9601,1979-11-18 21:45:44.521370
694,0jsHGZmqMB,Richards Group Media,https://www.keith-wallace.com/,Uzbekistan,Onto between little in because night.,2015,Public Safety,9079,2013-02-19 15:59:24.229575
695,bfndVFRfk4,Ball LLC International,https://ryan.com/,Korea,Place us administration per on go increase.,2025,Hospital / Health Care,6833,1993-06-04 23:36:57.404272
696,FnXVuyVUzx,Collier-Calderon,http://www.davenport.biz/,Singapore,Persevering 24/7 data-warehouse,1971,Newspapers / Journalism,7533,1982-01-10 23:09:37.818776
697,gkd2hogoLf,Mooney Ltd,http://www.adkins.com/,Panama,De-engineered multi-tasking moratorium,1971,Defense / Space,2340,2001-10-15 19:51:17.854898
698,Mq89Yv2cnH,Vaughn PLC,https://www.madden.biz/,Guinea,Customizable neutral collaboration,1970,Entertainment / Movie Production,1435,1992-06-08 05:25:09.293745
699,VSPlpKO2kL,"David, Romero and Stout",http://www.brandt.com/,Cyprus,User-friendly 5thgeneration groupware,2014,Financial Services,4897,2003-01-21 19:46:33.860207
700,UnvUnkz0Lh,Valentine and Sons,https://www.hawkins.biz/,Morocco,Synergized explicit utilization,1995,Individual / Family Services,2941,1987-02-06 06:54:15.472789
701,xBM5aqNMv9,Rhodes-Stephens,https://www.hubbard.net/,Syrian Arab Republic,Extended human-resource leverage,1972,Internet,8116,2010-10-08 03:28:52.462302
702,U9wjmzGViU,Aguirre-Rodriguez,http://moses.net/,Zimbabwe,Persistent directional challenge,1985,Leisure / Travel,4870,1985-07-25 22:14:03.581217
703,gG3q81vsd8,"Guzman, Trevino and Parker",http://wilcox.com/,Faroe Islands,Centralized 6thgeneration adapter,2008,Mechanical or Industrial Engineering,535,1976-02-01 01:57:49.066958
704,EqqtLMlP66,Lyons and Sons,https://ponce-levine.com/,Burundi,Intuitive incremental hierarchy,1975,Translation / Localization,4370,2003-04-25 17:50:02.728234
705,U5Vvhyoy8S,Bradley-Blake Japan,http://www.rivas.info/,Nicaragua,War produce church sell during study out.,2000,Glass / Ceramics / Concrete,997,2018-09-16 00:20:40.108305
706,DBETHBsbSw,Mahoney-Hull Japan,http://graham-ayers.com/,Korea,Catch turn black other network figure serve.,1984,Design,8343,2022-09-12 12:44:01.268008
707,bqU9PpfhhZ,Hammond Inc,http://higgins.com/,Moldova,Mandatory non-volatile architecture,2014,Translation / Localization,8809,1970-11-25 06:21:17.247708
708,Rf1ByQdgp3,"Mata, Velazquez and Burke LLP",http://www.bell.com/,New Caledonia,Base likely wear attorney institution.,2010,Wholesale,2213,2016-02-08 08:09:06.395450
709,YixhHm6IOH,Bowen PLC,http://www.donovan.biz/,Saint Martin,Versatile responsive throughput,1986,Design,4511,2010-04-13 10:42:24.434475
710,Rjz28Hno4e,"Avila, Vaughn and Reed Africa",http://www.espinoza.com/,Canada,Professional say page street collection.,1997,Pharmaceuticals,9972,1999-05-24 17:03:02.476698
711,Cjl14i983B,Vincent Inc,http://www.best.biz/,Saint Lucia,Persistent 6thgeneration encoding,2008,Alternative Medicine,1042,2024-06-02 19:02:59.733103
712,gYSygrqfjx,Thornton PLC,http://graham-rodriguez.com/,Tanzania,Synergized modular Internet solution,2015,Semiconductors,5273,1975-05-25 01:43:46.943214
713,ikhBoWFVeq,Johnson-Montes,http://www.mitchell.com/,Tokelau,Synergized neutral challenge,1989,Ranching,4003,1987-04-24 13:04:53.772451
714,W2vsmL4otA,Baxter-Mays,https://barry.com/,Svalbard & Jan Mayen Islands,Customer-focused scalable website,2018,Government Administration,3845,2006-05-20 08:44:23.545320
715,iW851XlwvV,Cummings Group,https://www.roberts-holden.com/,Guinea-Bissau,Organized optimal database,2007,Staffing / Recruiting,7159,1985-02-02 13:13:33.080726
716,AYOHa1wrMH,"Cruz, Snyder and Keith",https://shaw.com/,Pitcairn Islands,Future-proofed well-modulated circuit,1993,Real Estate / Mortgage,5269,1989-04-14 01:18:43.928438
717,uyB8r2C2W8,Randolph LLC,https://nolan-chan.com/,Macao,Open-architected multi-tasking array,2025,Mental Health Care,2016,2013-01-29 07:58:20.430765
718,8Pw9csKbrh,Coleman-Leon,https://www.arroyo-booker.com/,Germany,Distributed static superstructure,1983,Writing / Editing,5935,1983-11-17 23:42:41.817564
719,HwDWQLeGe9,Espinoza-Boyer,https://peters-sanchez.com/,Peru,User-friendly intangible methodology,1979,Public Relations / PR,4991,2011-04-18 01:58:32.084738
720,YCUTNrey9z,Graves-Wilkinson,http://www.leon-wolfe.com/,Congo,De-engineered explicit hierarchy,1977,Consumer Electronics,2222,1971-08-22 23:07:19.065521
721,Vkzl8FGz8N,"Colon, Walter and Fritz",https://www.mercado.com/,Jersey,Right-sized eco-centric open system,2024,Supermarkets,9805,2021-01-21 09:30:45.658314
722,5pLC1f6bkz,Harper LLC,https://www.cross-hodge.org/,Guam,Ameliorated transitional strategy,1999,Consumer Goods,6314,1990-12-10 05:01:02.281184
723,XJ3sHeQWpw,Chen-Mueller,https://www.luna-shea.info/,Namibia,Persevering modular attitude,1977,Package / Freight Delivery,1123,1972-05-01 03:58:08.933986
724,ZddJ28qf0b,"Saunders, Duncan and Heath",http://king.biz/,Sao Tome and Principe,Switchable zero-defect leverage,1979,Medical Practice,1690,1978-08-13 03:28:16.531451
725,NdBJ13H1YA,"Brady, Hines and Snyder",http://www.cherry.com/,Cameroon,Distributed composite array,1988,Professional Training,1394,2012-10-22 05:28:24.479571
726,ViW8ILSaQ9,"Howard, Cooper and Woods",http://www.parrish.biz/,Philippines,Digitized solution-oriented task-force,2020,Investment Banking / Venture,7313,1973-05-24 14:16:52.988693
727,qj3Y5tbGKq,Herman Inc,http://morris.com/,Georgia,Phased national budgetary management,1971,Public Relations / PR,4087,1971-08-05 10:27:25.301192
728,N1t8Z9KcTb,Wise and Sons,https://www.higgins.com/,Singapore,De-engineered interactive analyzer,1989,Medical Equipment,9059,2007-02-02 21:44:15.309532
729,ikhBoWFVeq,Johnson-Montes Partners,http://www.mitchell.com/,Tokelau,Quickly generation know sell political model.,1989,Ranching,4003,2004-05-09 14:32:00.628539
730,EEhdVH2Dlr,"Wu, Sweeney and Reid",https://www.mccormick.com/,Albania,Cross-platform zero-defect flexibility,1990,Aviation / Aerospace,1701,2021-09-16 06:19:19.136727
731,mezpUbapy2,Daniel-Santiago Corp,http://www.harris.com/,Egypt,Prepare minute million civil.,1993,Civil Engineering,8807,1994-07-08 16:21:31.729617
732,Hxr1bI46es,"Collier, Banks and Bolton",https://yoder.com/,Mozambique,Digitized eco-centric firmware,1991,Higher Education / Acadamia,220,2017-02-13 21:01:13.151940
733,Ewc1rUMBNi,"Chapman, Wall and Bender",https://www.owens.com/,New Zealand,Networked homogeneous function,1972,Medical Equipment,2979,1973-10-18 14:06:08.261276
734,Bz7qkR2Zv6,Trevino PLC,https://www.benitez-cantrell.biz/,Georgia,Fundamental dedicated flexibility,1984,Renewables / Environment,9002,2010-10-30 02:46:47.356616
735,LUdaGsZySE,Gutierrez and Sons,https://www.reilly.com/,Pakistan,Expanded non-volatile open system,1997,Machinery,5209,1975-07-14 17:10:00.420460
736,CZz3lswE8K,Wallace-Diaz Nordics,http://www.sellers.com/,Chad,Thus force wear including.,2019,Facilities Services,4873,1994-03-15 20:40:34.370043
737,Uk13TBKiup,Chase-Weaver,https://www.fleming.com/,Greenland,Adaptive high-level monitoring,1975,Staffing / Recruiting,6107,1970-10-07 23:30:17.562338
738,lFgnvJF62o,"Vaughan, Cruz and Boone Pty Ltd",http://lowery.com/,Togo,Organization despite ability word beyond through want.,2003,Transportation,6391,2006-12-29 02:02:34.548232
739,nuzidTAtsr,"Bernard, Barnes and Meza",https://howe.com/,Zambia,Enterprise-wide fresh-thinking challenge,1996,Glass / Ceramics / Concrete,1841,2026-04-06 07:01:38.115503
740,xBM5aqNMv9,Rhodes-Stephens France,https://www.hubbard.net/,Syrian Arab Republic,Remember low between.,1972,Internet,8116,2001-04-14 15:45:45.396937
741,BCHBmbUqir,Crawford Ltd,http://www.blackwell-mcmahon.org/,Togo,De-engineered national Local Area Network,1994,Computer / Network Security,1815,1982-02-01 13:13:33.420926
742,C1SrkV4R2V,Mckee-Hawkins Corp,http://www.huang.net/,Singapore,Woman painting role like bring state.,2023,Information Services,643,2001-09-27 01:52:55.297252
743,Hkc3Y0QT3C,"Wilkinson, Kirby and Kramer",http://hunter-kirby.net/,Malaysia,Persevering fresh-thinking data-warehouse,2014,Oil / Energy / Solar / Greentech,6872,1977-08-25 08:59:27.287071
744,N1t8Z9KcTb,Wise and Sons AG,https://www.higgins.com/,Singapore,Real a interview player politics spring with.,1989,Medical Equipment,9059,1994-07-27 16:35:46.639293
745,jy4AxFjNpy,Hobbs Group,http://david-levy.com/,Fiji,Assimilated eco-centric middleware,1980,Management Consulting,6293,2013-12-27 22:09:38.035865
746,uMkp7ych5J,Martin-Saunders,http://www.frey-schaefer.com/,Sudan,Advanced eco-centric encryption,2002,Computer / Network Security,6293,2002-11-29 14:27:20.203618
747,oX5yRVTh3P,Porter-Brooks Media,http://franklin.com/,Turkmenistan,Political beautiful collection mean during.,2001,Warehousing,870,1992-08-18 05:03:55.836751
748,mK3U0H7rAR,"Barber, Mcdaniel and Obrien France",https://alvarez-cobb.biz/,United States Virgin Islands,Protect father whatever growth.,1977,Supermarkets,9603,2001-02-18 09:22:18.921453
749,lynWMiSeSD,Gates-Mercer,http://www.nicholson.info/,Zimbabwe,Enterprise-wide 3rdgeneration matrix,2024,Consumer Services,5164,1992-11-02 08:13:38.629694
750,p5DZ6kHLBC,"Nichols, York and Horton",http://luna.com/,French Southern Territories,Down-sized human-resource database,1970,Hospital / Health Care,6296,2010-01-15 20:15:21.330816
751,ER9edW8EyQ,Gallegos-Chase Studios,http://hammond.com/,Tokelau,International drop fact.,1996,Wine / Spirits,1043,2019-03-18 06:06:21.736488
752,NsJaiVNXLL,Anderson Group,https://www.schwartz-cuevas.com/,Georgia,Synergistic systematic capability,1988,Events Services,5180,2006-06-29 14:28:42.178063
753,BrqCPH6UNE,Mccall-Allen,https://terry.com/,American Samoa,Streamlined directional emulation,1989,Retail Industry,5321,1988-07-15 00:13:50.604161
754,HHvxDP6aln,Brady LLC Cloud,http://hayden-ramos.com/,Slovakia (Slovak Republic),Its time century enough contain.,1997,Gambling / Casinos,384,2024-10-19 03:52:10.747681
755,4hZVbQUu3s,"Hoover, Curtis and Ford",https://www.swanson-hale.com/,Cameroon,User-friendly 6thgeneration system engine,2017,Oil / Energy / Solar / Greentech,1953,1993-01-31 15:48:38.992321
756,VOE8ojkHJe,Scott-Crawford Solutions,https://www.copeland.com/,Macao,During animal meet friend style letter summer.,2014,Events Services,7431,2015-05-19 00:21:54.832711
757,BhVQwpaNGa,"Sawyer, Hooper and Matthews",https://www.middleton.net/,Gambia,Inverse contextually-based budgetary management,1976,Mental Health Care,6654,2003-02-17 16:01:28.515147
758,eJFE5wECdM,Perez-Levine,https://www.clark.com/,Oman,Universal web-enabled knowledge user,1988,Automotive,4607,2017-08-02 08:29:19.032281
759,IjR41DojWA,"Kent, Bernard and Torres Security",https://www.fitzgerald.info/,Oman,Old unit free though visit.,2003,Maritime,6640,2025-05-16 23:02:50.177730
760,OxLz2fpgnL,Gutierrez Ltd Incorporated,https://www.dunn.com/,Somalia,Southern race second.,2000,Motion Pictures / Film,7717,2014-07-08 15:13:08.968023
761,CYWKOzh5rV,"Mercer, Wolf and Forbes",http://www.bryan-washington.com/,Swaziland,Reactive attitude-oriented extranet,2007,Wine / Spirits,1441,1984-12-23 15:38:50.044495
762,gYSygrqfjx,Thornton PLC Nordics,http://graham-rodriguez.com/,Tanzania,System let catch health rather international.,2015,Semiconductors,5273,1974-06-14 07:13:38.357059
763,zHRTiGO9lG,Hawkins Group Resources,https://www.griffin-greer.com/,Macao,Exist inside technology piece relationship day ago.,1978,Veterinary,5707,1973-08-05 05:17:38.096132
764,OLe03fMIWO,Ray-Leon,http://avila-meyer.com/,Bahrain,Synchronized neutral circuit,2000,Legislative Office,2673,1995-02-11 14:21:03.051236
765,L3pZlK5Gnr,Eaton-Mueller,https://mays-rush.info/,Uganda,De-engineered executive infrastructure,1976,Translation / Localization,981,2000-09-21 09:04:53.817603
766,pjJUJFDc48,Costa-Lindsey USA,http://www.mckee-clayton.com/,Svalbard & Jan Mayen Islands,Stand rock compare knowledge full air.,2006,Package / Freight Delivery,3463,1981-05-02 12:35:50.725717
767,KDlkdoHTFM,Lutz Ltd,https://jackson-barton.info/,Pitcairn Islands,User-centric asynchronous hub,2003,Staffing / Recruiting,146,2002-02-19 12:18:58.076064
768,hDHC1EH4Aw,Bullock-Fuller,http://lee.com/,Slovenia,Multi-layered explicit superstructure,1990,Restaurants,7218,2010-04-28 02:38:02.899757
769,3txrFh6nFt,Schultz and Sons Security,http://ellison.com/,Cuba,Describe need PM everything.,1996,Alternative Dispute Resolution,6734,2013-01-20 07:04:26.529162
770,QYDGheFxZq,"Flowers, Savage and Randall",https://www.campbell.org/,United States of America,Polarized regional approach,1988,Environmental Services,8581,2001-11-18 03:28:46.443495
771,VLGr03MtDa,Wiley Ltd Software,https://glass-gomez.biz/,Netherlands,Far hair they.,2003,International Trade / Development,7589,1977-11-19 06:23:14.655065
772,hVo8UIKFEj,Lang-Prince,http://romero-ali.com/,Antigua and Barbuda,Object-based maximized hardware,2009,Telecommunications,9896,2020-11-11 09:07:28.214247
773,4XQkAosDR1,Potter-Cardenas,https://chung-webb.org/,Syrian Arab Republic,Diverse mobile installation,2020,Judiciary,5109,1979-02-13 22:15:12.496807
774,C5iVvWA08C,"Jefferson, Baker and Montgomery LLC",https://mckay.com/,South Africa,Lose black quickly heavy real general field.,1979,Philanthropy,7459,1996-04-16 12:48:17.434875
775,ETaOzDRzQm,Barnett-Weaver,https://www.preston.com/,Grenada,Secured content-based approach,1990,Higher Education / Acadamia,1144,1979-03-02 16:06:15.836813
776,he78xdS64k,Dudley and Sons,http://cantu.org/,Belgium,Cloned non-volatile initiative,2017,Fine Art,1961,2001-11-25 16:13:33.352608
777,MNTcnUoKu5,"Vance, Stuart and Bauer",https://www.hardin.com/,Botswana,Right-sized 24hour instruction set,1992,Translation / Localization,2808,1970-09-07 01:54:12.664979
778,r5f097n5qK,George-Bass,http://www.cowan.com/,Turks and Caicos Islands,Persevering non-volatile installation,2004,Staffing / Recruiting,4511,1989-07-08 08:00:58.820298
779,iFVUcqnGQs,"Pearson, Henderson and Calderon",http://www.li.com/,Western Sahara,Up-sized analyzing paradigm,1987,Shipbuilding,805,1976-02-29 18:12:15.681496
780,9273Nr9mau,Mcneil-Wang,https://zimmerman.com/,Christmas Island,Inverse content-based methodology,1996,Marketing / Advertising / Sales,4776,2000-10-21 16:55:02.240990
781,LXKoyyWzjH,Herrera and Sons Security,https://www.best-gonzales.org/,Zimbabwe,This region phone challenge.,1981,Aviation / Aerospace,636,1970-06-27 14:15:58.403936
782,Tn1oGycBz5,Camacho-Serrano DACH,https://www.fry-may.com/,Colombia,Interesting through prevent she voice care.,1972,Legislative Office,8837,1990-05-18 09:28:43.572641
783,IOyDKdKOpm,Graves-Mcbride,http://trujillo.com/,Togo,Configurable reciprocal core,1995,Retail Industry,5842,2016-04-12 14:44:08.205439
784,p5wqVnZp2e,Howe Ltd Development,https://baker.com/,Paraguay,Goal brother instead also.,1977,Farming,8215,2006-01-22 07:01:46.166250
785,TZI68SGJSY,Crane-Mora Africa,https://costa-castillo.biz/,Qatar,Face parent off none whose.,1978,Fine Art,7378,1985-10-15 14:36:05.512625
786,xc1lxPBuBH,Schwartz Inc,https://browning-zhang.com/,Malta,Organized modular functionalities,2010,Computer Networking,8833,1985-12-04 06:13:54.137929
787,hMdSZrGf2d,Christian-Haley,http://www.francis.com/,Greece,Re-contextualized systematic database,1976,Photography,2784,2025-01-19 00:56:37.008101
788,aa1oYCwUSm,"Schmidt, Patton and Rhodes",http://www.mcdaniel.com/,Antigua and Barbuda,Synergistic analyzing archive,1984,Renewables / Environment,1364,1970-08-30 04:09:34.399570
789,ryP4nNW6Cj,Strong-Trujillo Labs,http://www.dodson.com/,Ukraine,Spring receive here cause benefit him area.,1995,Food Production,8390,1986-06-28 09:26:30.478589
790,KRiPCRXPS8,Valenzuela Ltd,https://www.lloyd.com/,Malaysia,Compatible discrete strategy,2004,Printing,183,1992-04-15 14:19:08.271344
791,6tHwRzzO3m,York-Wilkinson,http://www.vazquez-hamilton.info/,Belize,Persistent scalable contingency,1982,Leisure / Travel,3246,2004-11-08 23:05:19.965650
792,tGcG7A7Dlr,Conley LLC,https://torres-blackburn.com/,Kazakhstan,Multi-channeled didactic system engine,2014,Motion Pictures / Film,4509,1991-02-25 15:54:31.435483
793,iXkwniEmfY,Roberson-Barnes Software,http://www.kerr.com/,Saint Lucia,Idea agency would Republican any.,1970,Farming,5814,1976-08-17 14:34:54.645091
794,JUVe48by12,"Rodriguez, Conrad and Vargas Data",http://robbins-smith.com/,Kazakhstan,For painting culture fact security.,1981,Music,1032,1996-06-23 23:36:55.506627
795,S0FvUDfTE1,Pollard Inc,https://www.levy.biz/,Panama,User-centric tertiary portal,1998,Human Resources / HR,9761,1974-08-22 06:01:34.750963
796,vsw6vPA18P,"Berg, Clay and Kidd",https://acosta-mason.info/,Guyana,Total clear-thinking product,1975,Dairy,7206,2017-06-16 00:37:07.557179
797,4BtFiB1Dh1,Buck PLC,https://www.oneal.com/,Kenya,Synchronized composite array,2011,Textiles,7299,1987-12-14 02:27:47.510934
798,FP8UIUzVCC,"Flowers, Wade and Caldwell",http://dunlap-arias.com/,Nepal,Streamlined real-time structure,1983,Information Services,5189,1995-11-19 14:01:53.528099
799,E2OCqyMh3E,"Ali, Werner and Bauer S.A.",http://www.mcintosh-lawson.com/,Timor-Leste,First sound perform against sea.,1980,Information Technology / IT,4488,2019-10-20 06:11:13.152010
800,dZnkoz4kUZ,Carney-Terrell,https://burke-cochran.com/,French Polynesia,Down-sized real-time instruction set,2009,Entertainment / Movie Production,5137,2000-08-04 10:04:22.383079
801,Rfr9bw1jdb,"Mcgee, Moses and Kemp",http://www.sharp.com/,Turks and Caicos Islands,Enhanced neutral access,1994,Accounting,181,2008-04-03 12:04:16.629960
802,XvEJgnAcKG,Maddox-Allison,https://flores.biz/,Uruguay,Open-source intangible analyzer,2007,Legislative Office,4887,1993-12-22 10:11:34.372760
803,us3ff8GDwL,"Morris, Mcdowell and Sutton",http://thomas.org/,Ethiopia,Enhanced homogeneous portal,2012,Individual / Family Services,5673,1972-09-27 12:58:58.755179
804,5Jw8gqeZIJ,"Mullen, Mcdowell and Strickland BV",http://petty.biz/,Gambia,Prepare pretty last conference.,2017,Glass / Ceramics / Concrete,8252,2015-05-06 17:54:36.221675
805,WR4zyYcDuC,Douglas PLC,http://soto.biz/,Luxembourg,Open-source empowering website,1998,Railroad Manufacture,9562,2019-01-07 12:24:40.253562
806,ITccuQ1E2y,Sanford and Sons,http://perkins-spears.com/,Madagascar,Assimilated static orchestration,1974,Ranching,2484,2003-05-19 16:55:02.993909
807,P33TdCHsAx,Galvan Group,https://www.velazquez.com/,Heard Island and McDonald Islands,Multi-lateral scalable hierarchy,2017,Textiles,4060,1988-07-09 00:52:56.995775
808,oX5yRVTh3P,Porter-Brooks Company,http://franklin.com/,Turkmenistan,Reduce day deal billion specific teacher hope.,2001,Warehousing,870,1985-06-19 04:35:41.033151
809,iYihzbVQLu,Larson Inc,https://www.weber.net/,Eritrea,Networked dynamic moratorium,2006,Human Resources / HR,2158,2009-12-05 06:22:57.648226
810,3TGcU3d7Ji,Jefferson Group AG,https://potts-hahn.com/,Kiribati,Floor six front Mr hair site could.,2009,Research Industry,8782,2004-05-15 01:00:29.164602
811,FsiKvGx5IF,Hull-Aguirre,https://www.walters.net/,Djibouti,Team-oriented empowering frame,1971,Supermarkets,5322,1993-03-14 16:01:57.531759
812,q0BB3EUFeH,Wagner and Sons,http://www.tapia.com/,Burkina Faso,Self-enabling composite capability,1991,Executive Office,4469,1977-08-18 05:33:35.258262
813,b5ClHtyEud,"Francis, Compton and Burnett Network",http://www.parrish.com/,Thailand,Simply forget resource artist.,1984,Health / Fitness,4841,1973-03-29 22:08:58.969011
814,4rtV8F0aXw,Blankenship-Curtis,https://fitzpatrick.info/,Liberia,Innovative modular initiative,1973,Mechanical or Industrial Engineering,2236,1985-04-02 18:24:02.484252
815,6t2LmJAOoq,"Watson, Salinas and Velazquez",http://www.stokes.com/,Canada,Progressive exuding forecast,1981,Luxury Goods / Jewelry,515,1988-05-03 20:33:47.116083
816,jP7g9221GC,Mccormick LLC,http://steele-marshall.com/,Iran,Up-sized 24hour strategy,1989,Warehousing,5036,1970-03-12 01:13:22.538613
817,IiKFIeIeBG,Kerr and Sons,https://www.melton-marshall.com/,India,Integrated system-worthy strategy,2013,Shipbuilding,1812,2022-05-23 23:33:45.035147
818,kFJXc6LBpL,Day Group,http://mcclure.com/,Namibia,Enhanced multimedia data-warehouse,2017,Pharmaceuticals,9368,2014-01-18 10:18:18.235803
819,V70sJmzG1t,"Meza, Orr and Robertson",http://www.farrell.org/,Wallis and Futuna,Customizable fresh-thinking middleware,1994,Accounting,5835,1979-03-31 11:31:18.028335
820,vI1XBTiBxj,Ibarra PLC,http://www.rocha-horton.net/,Denmark,Managed 3rdgeneration circuit,1994,Capital Markets / Hedge Fund / Private Equity,5847,2007-01-22 20:03:20.259325
821,YuanpZtURs,Bolton-Trevino,http://hobbs.com/,Botswana,Up-sized scalable interface,1991,Automotive,500,1976-02-19 18:40:57.136451
822,VXBcMaFbGh,Lynch Group,http://phillips.com/,Sri Lanka,Expanded impactful extranet,2014,Renewables / Environment,1446,1995-03-05 07:09:43.977108
823,6j3DsU44m9,"Bray, Whitaker and Novak",https://www.frederick-yang.com/,Moldova,Grass-roots methodical model,2022,Religious Institutions,2110,2003-01-04 00:27:26.776917
824,DBaCyFjbDD,Hess-Brennan Digital,http://www.solis-joseph.com/,Estonia,Improve hair series appear heart you.,2020,Government Administration,2448,2014-01-27 05:32:09.437877
825,Q6D5IW6wO5,Carey Inc,https://macdonald.com/,Congo,Streamlined contextually-based hub,1971,Government Relations,4025,1972-09-22 12:09:05.148539
826,VjeagLmufR,"Robinson, Friedman and Wolf",https://scott.com/,Canada,Switchable user-facing database,1977,Hospitality,3498,2010-09-14 08:31:09.835213
827,e3HtDXa7Bz,Garrett-Burns,http://www.mathews-riddle.org/,Yemen,Reverse-engineered well-modulated infrastructure,2011,Translation / Localization,2304,1995-01-30 20:43:13.688346
828,N9bRK2wkpE,Brock and Sons,https://www.zimmerman.com/,Zambia,Automated cohesive circuit,1991,Luxury Goods / Jewelry,6992,1993-06-08 00:08:39.817776
829,0HEF1qh7tb,Joyce-Dalton,https://shepard.org/,Angola,Public-key secondary project,1973,E - Learning,6110,1972-02-21 05:00:41.267332
830,9273Nr9mau,Mcneil-Wang Germany,https://zimmerman.com/,Christmas Island,During rise trial.,1996,Marketing / Advertising / Sales,4776,2019-12-05 19:56:17.092575
831,hblidVuj0t,Miranda Ltd,https://harvey-ibarra.net/,Cook Islands,Fundamental mobile matrix,1984,Capital Markets / Hedge Fund / Private Equity,1516,2016-05-05 04:17:57.529507
832,j9TEVgs752,Gaines PLC,http://www.gomez.net/,Saint Pierre and Miquelon,Adaptive human-resource leverage,2009,Law Practice / Law Firms,9320,1992-04-10 06:21:27.023355
833,5CgfgRyHhV,Schultz-Brooks,http://conway.org/,Isle of Man,Quality-focused upward-trending frame,1991,Civil Engineering,5045,1999-07-04 17:04:39.655628
834,mJ4q9Z6Qic,Casey and Sons Nordics,https://www.blankenship.net/,Austria,Against final friend participant.,2023,Accounting,1015,1973-10-07 07:18:17.870448
835,vOjJ2ggweA,Cox LLC,https://calderon.com/,Svalbard & Jan Mayen Islands,Reduced scalable website,2013,Nanotechnology,1987,1997-04-26 23:59:54.334397
836,3Aq68bwEsL,Suarez Group,https://bishop.net/,Czech Republic,Grass-roots actuating capacity,2020,Venture Capital / VC,158,2009-11-23 18:34:32.386818
837,ugswW3Kcsn,Moses and Sons,https://www.dawson.com/,Jordan,Synergized analyzing installation,1995,Accounting,6352,1984-01-14 21:28:28.977339
838,y5o6mX5dnl,"Levy, Schultz and Blake S.A.",https://www.duncan.com/,Spain,Oil pay force clear notice boy.,1982,Leisure / Travel,5247,1985-03-21 13:02:56.752425
839,KRiPCRXPS8,Valenzuela Ltd Corp,https://www.lloyd.com/,Malaysia,Not series financial body economic sort away.,2004,Printing,183,1992-07-02 01:47:00.836222
840,LQAs08U09B,Hernandez-Keith,https://www.maynard.com/,Mozambique,Expanded actuating array,2025,Mental Health Care,4206,1975-05-30 16:33:04.165684
841,UKW5q8Z4kl,Collier LLC,http://wheeler-valentine.biz/,Guinea-Bissau,Profit-focused 24hour knowledgebase,1991,Ranching,7636,1977-05-18 08:47:28.006021
842,Rq5bVZlCqX,Riley and Sons,http://www.galloway-yang.info/,Guinea-Bissau,Secured methodical protocol,1994,Aviation / Aerospace,4853,1976-11-19 22:04:46.067194
843,lgeltlqcbP,"Gill, Chapman and Estrada",http://acevedo.com/,Poland,Open-source mission-critical contingency,1984,Graphic Design / Web Design,1265,2019-10-24 00:51:57.192555
844,oZMKeodIW6,"Villarreal, Case and Fleming",https://www.wood-haley.com/,Turkmenistan,Synchronized grid-enabled interface,1973,Cosmetics,6294,1993-07-25 17:09:01.625600
845,QfuhOlX24l,"Zimmerman, Rivas and Hensley",https://www.sampson.info/,Belize,De-engineered zero-defect website,1976,Dairy,4470,2004-01-14 02:31:18.815429
846,lU9MSTxPQJ,Farrell Ltd,http://watson.com/,Svalbard & Jan Mayen Islands,Monitored 4thgeneration toolset,2016,Fundraising,6905,2001-12-05 04:28:10.577348
847,KFag5DnGyr,"Tyler, Sutton and Duffy Europe",https://wheeler.info/,Monaco,Move serious result them purpose.,1971,Publishing Industry,705,2000-08-12 18:51:40.331855
848,Bxs6XKeTYl,Garner Ltd,http://www.reese-moran.biz/,French Polynesia,Diverse zero tolerance focus group,1987,Accounting,3810,1977-04-17 14:15:12.257850
849,hm6j3Y7jrC,Stafford LLC,http://caldwell.com/,United Kingdom,Streamlined logistical budgetary management,2012,Tobacco,223,1980-12-15 01:19:45.274796
850,mRhsGcTSmY,Hensley-Pope Services,https://www.richard.com/,Jordan,Story move growth bag each.,1978,Political Organization,8989,1979-05-30 10:29:45.528239
851,bPPZRCvQoa,Norton-Parrish,https://wilson-pham.com/,Bulgaria,De-engineered directional adapter,2000,Mining / Metals,8442,1978-08-21 04:04:45.111057
852,HdSO3ZWzbR,Daugherty-Mclean Global,http://cannon.org/,Australia,Tell usually wait thousand agree begin author accept.,1985,Accounting,4366,1974-04-18 12:14:21.940349
853,DOGwsEGNgU,Ray Inc Asia,https://willis-mccann.com/,Germany,Season generation decision analysis must popular tax line.,2008,Package / Freight Delivery,4663,2013-02-15 07:37:21.990988
854,wRNFbdCliq,Soto PLC,http://www.weaver-evans.com/,Saint Pierre and Miquelon,Fully-configurable bandwidth-monitored policy,2001,Legislative Office,7486,1989-09-28 02:55:11.249269
855,nebuLb2N5n,Esparza PLC,http://www.key-wong.info/,Iraq,Profound impactful Internet solution,2022,Medical Equipment,2301,1993-06-19 04:26:34.619924
856,aU1ldeoYW3,Mcclure-Mejia,http://ramos-rush.com/,Gambia,Horizontal cohesive hardware,1994,Mental Health Care,2227,1994-01-23 15:00:26.045520
857,B4xwp3qxqY,Bender-Mullins,https://sharp.biz/,Belarus,Front-line impactful hierarchy,2004,Civil Engineering,9426,2015-01-30 22:05:10.987209
858,HJ2HoHu5qm,"Mcmahon, Pineda and Church",http://rosales.com/,Tanzania,Profound client-driven system engine,1990,Sporting Goods,3934,2023-04-24 06:35:49.556738
859,CFNgpIrm7G,Golden PLC,https://www.brock.net/,Madagascar,Quality-focused bi-directional extranet,1987,Law Practice / Law Firms,5467,1994-05-04 09:30:14.977257
860,6a5x41CR1v,Maddox LLC,https://www.lang.biz/,Venezuela,Profit-focused hybrid hub,2000,Professional Training,8142,2008-08-14 10:50:00.479606
861,qNiDcgSX21,Dillon-Flowers,http://calhoun.info/,Mauritius,Persistent incremental challenge,2021,Security / Investigations,390,2022-05-26 02:16:05.677615
862,QjckV9GuAB,Goodman Group BV,https://burnett.org/,Burundi,Name manager create point.,1978,Graphic Design / Web Design,1198,2013-02-20 06:13:42.060796
863,Q5BWcF7rcV,"Good, Phelps and French Co.",https://www.reese-avila.biz/,Palau,Ball memory movement artist daughter prepare not.,1991,Health / Fitness,5419,2025-08-27 15:57:30.818751
864,RvGeOFg74G,Downs-Mccoy,http://mathews.info/,Tajikistan,Cross-group coherent policy,2023,Airlines / Aviation,8178,1991-04-20 02:04:29.253064
865,BDq0GhzvNs,Cook-Beck,https://hopkins.com/,Guyana,Balanced client-server paradigm,1971,Retail Industry,2024,2010-01-12 13:47:15.729642
866,B28O76GkUv,Garcia PLC,https://www.singleton.com/,Greece,Triple-buffered coherent parallelism,2010,Political Organization,2959,1982-10-06 20:08:15.866469
867,ylKlypZOp2,"Dalton, Davidson and Chaney",https://www.browning.com/,Eritrea,Multi-channeled attitude-oriented projection,2023,Civic / Social Organization,5503,1984-03-31 12:57:58.006753
868,27mQrnHRcp,"Aguirre, Baldwin and Hendrix",https://www.townsend.com/,Congo,Polarized local open architecture,1987,Facilities Services,9855,1980-05-08 21:23:46.529005
869,tU6jcLv7Fg,"Conway, Mcclain and Walton",https://www.hanson.net/,Mali,Open-architected mobile Graphic Interface,2023,Alternative Dispute Resolution,8442,2009-12-18 16:27:54.870481
870,1OT86MMpaX,"Knox, Ross and Fischer",http://www.garner.org/,Jordan,Automated needs-based algorithm,1976,Sporting Goods,85,1983-05-13 18:58:10.732898
871,mYkWHAqh8Q,Berger and Sons Technologies,https://hawkins-charles.net/,French Guiana,Oil who perhaps occur wish.,1987,Entertainment / Movie Production,4916,1986-12-15 05:40:22.983460
872,EAA2WQDrXD,"Porter, Holt and Reeves",http://braun.com/,Turkey,Synergistic bi-directional Internet solution,2012,Program Development,6206,2018-10-08 01:17:50.834149
873,ZBIwkYFiEE,"Hall, Ponce and Shields Limited",https://avila.com/,Comoros,Cell public its customer rather.,2019,Printing,3978,2007-06-24 09:05:56.190447
874,nujB3HYsLh,Garner Ltd,http://alvarado-hurst.info/,Mongolia,Customer-focused web-enabled contingency,2009,Commercial Real Estate,9555,1992-03-10 09:23:36.294026
875,he0CrpPCAe,Avery-Potts,http://sutton-holland.org/,Uzbekistan,Decentralized next generation capacity,1993,Environmental Services,7532,1986-06-01 11:20:33.718448
876,U3jW8U37dv,Scott-Steele,http://todd-davila.net/,Azerbaijan,Horizontal attitude-oriented interface,2017,Fine Art,9562,1999-03-17 18:08:53.965645
877,s3ld2TwaNv,Bowman-Roy S.A.,http://ponce.org/,Bahamas,Try threat campaign this sport either sense some.,2008,Sporting Goods,1961,2002-12-04 12:57:30.895413
878,EgF0OAWYwD,Barber and Sons,https://www.pittman-gilbert.biz/,North Macedonia,Automated 5thgeneration superstructure,1971,Other Industry,4960,2025-02-05 03:40:29.277953
879,bQAJuc2ohB,Mcneil Group EMEA,https://marshall.com/,United Kingdom,Explain mission important each enter quite rule brother.,1985,Writing / Editing,2270,2005-11-04 22:09:49.781890
880,DOiZEbugtr,Bell LLC,https://www.meadows.com/,Gibraltar,Business-focused object-oriented core,1975,Chemicals,4912,1994-01-26 10:05:52.323134
881,g0zlHUyUjf,"Miles, Moon and Hartman Ventures",https://www.carson.net/,Guam,Pass business south network note play.,1984,Hospital / Health Care,515,1990-02-23 09:49:21.088012
882,soGSXaz8SN,"Hanna, Murillo and Hubbard",http://huang.com/,Tunisia,Optional static frame,2007,Chemicals,291,1988-01-19 03:24:59.540657
883,qMdCOThSQB,"Smith, Gentry and Dominguez",http://camacho-keller.org/,Dominican Republic,Profound background collaboration,2007,Wine / Spirits,507,1997-10-29 08:28:27.300472
884,qIZLkCbqRK,Nguyen Group PLC,http://www.williams.com/,Senegal,Far little blood grow case.,1985,Computer Hardware,678,1988-06-17 01:09:47.571597
885,oXTJy1a9ka,Torres-Gonzales,http://www.marquez.org/,Luxembourg,Open-architected executive strategy,1993,Professional Training,2885,2013-10-28 09:17:05.772339
886,hcdRj2BxDT,"Hahn, Gibbs and Baxter",https://www.hinton.biz/,Croatia,Profit-focused multi-tasking encryption,2021,Airlines / Aviation,9377,1990-11-27 18:21:50.892637
887,puJIWAOeqj,Mcmahon Inc Pty Ltd,http://lester.info/,Taiwan,Why ahead newspaper turn say social.,1979,Industrial Automation,8904,1978-01-13 10:33:45.031136
888,XDJSGivCtk,Potter-Huerta,http://mckinney.org/,Dominica,Sharable asynchronous benchmark,1993,Professional Training,877,1981-05-19 07:51:01.225858
889,kycwzXAZiS,Branch-Rowe,https://www.hall.com/,Chad,Triple-buffered fault-tolerant product,1983,Mechanical or Industrial Engineering,3008,1999-07-20 19:58:28.819271
890,lAsK3sLN3w,Bush Inc,https://alvarado-dorsey.biz/,Venezuela,Reduced homogeneous support,2001,Financial Services,1078,2022-12-02 23:20:22.942244
891,PoBtXj2fFX,"Rogers, Bernard and Williamson Network",http://gaines.com/,Cyprus,Current item well.,1997,Museums / Institutions,8754,2013-03-15 02:06:54.383338
892,hVmZpzIAQw,Padilla-Mcintosh,http://pollard-gutierrez.com/,Morocco,Stand-alone clear-thinking capacity,1999,Computer Hardware,1211,2011-02-07 14:46:33.900782
893,NBW5townqh,Rodriguez-Liu,http://www.oneill.com/,Zimbabwe,Cross-group regional parallelism,1992,Luxury Goods / Jewelry,2820,1974-10-02 04:08:09.305514
894,RhOPv87BL3,"Leach, Stevens and Johns",http://www.morris.info/,Aruba,Digitized regional functionalities,1999,Mental Health Care,9692,2024-12-23 11:25:42.554738
895,QhbS0QwZsz,Jones Group,http://tucker.com/,Indonesia,Profit-focused non-volatile contingency,2007,Insurance,279,2016-06-12 07:10:46.601378
896,r8LaYXVqUK,Tate-Rollins,http://www.forbes.org/,Falkland Islands (Malvinas),Secured systemic task-force,2022,Mental Health Care,4701,1991-04-06 11:13:01.659712
897,fmhQ0uuXlL,Mcdonald-Beck,http://www.ramsey-ramos.com/,Peru,Right-sized exuding workforce,1995,Photography,2547,1994-03-08 19:45:05.733743
898,tpbLBEAyB0,"Ramirez, Raymond and Schroeder",http://morris.com/,Malawi,Polarized real-time matrices,2006,Accounting,4258,2020-01-30 00:47:42.038687
899,5H1P1MwZCt,Booker-Ingram,https://www.bass.com/,France,Vision-oriented uniform Graphic Interface,2006,Computer Games,8087,1997-08-15 13:03:50.583413
900,YqkRMnarbQ,Stephenson-Graham,https://macias.com/,Ghana,De-engineered next generation archive,1996,Airlines / Aviation,8717,2005-05-13 03:14:32.507125
901,CaUNXju4tf,Juarez LLC,https://www.sanchez.org/,Guatemala,Focused transitional capability,1989,Tobacco,5403,1977-10-24 02:21:08.015072
902,2qa4QqwaIR,Duarte-Mccarty,https://guzman.biz/,Belize,Streamlined regional support,1975,Pharmaceuticals,409,2025-09-03 02:43:40.444508
903,U8xs6vutke,Little-Mcknight,https://www.booth-howard.net/,Saint Barthelemy,Total next generation artificial intelligence,1996,Machinery,6640,1980-10-29 19:52:22.523516
904,9uXRDwoPqz,Aguilar-Bishop Investments,https://moore-copeland.com/,North Macedonia,Culture second message peace develop college design suggest.,1995,Facilities Services,2362,2019-11-20 16:12:34.077117
905,ynkJLg795s,"Pacheco, Maldonado and Martin",http://carey.com/,Uganda,Cross-platform zero administration monitoring,2024,Legal Services,9730,2025-11-07 03:02:39.548914
906,V70sJmzG1t,"Meza, Orr and Robertson LLP",http://www.farrell.org/,Wallis and Futuna,Pressure myself travel fear race listen arrive.,1994,Accounting,5835,1983-10-27 09:51:27.138415
907,frtec7vZNo,Noble LLC,https://www.massey-barber.com/,Aruba,Pre-emptive transitional firmware,1988,Banking / Mortgage,2528,2024-12-29 05:55:45.414578
908,vzVWpSbv7D,Gross-Cline,https://robinson.com/,Central African Republic,Persistent human-resource orchestration,1994,Industrial Automation,4893,1986-02-20 07:14:18.066778
909,Cp9bZw1SVI,"Blankenship, Avery and Galloway",https://www.michael.com/,Cyprus,Self-enabling grid-enabled portal,2024,Defense / Space,565,2005-11-20 10:16:21.618124
910,ATY2156XeO,"Hernandez, Glass and Malone",http://www.dixon.com/,Western Sahara,Seamless neutral hierarchy,2018,Building Materials,4914,2026-01-12 21:11:03.935878
911,r1lgo76S92,"Jennings, Compton and Robertson",https://diaz.org/,Bolivia,Re-engineered cohesive hub,1974,Military Industry,5802,2022-04-25 19:39:05.192215
912,905R0QIbwX,Kane-Reilly,https://ellis-small.info/,Israel,Innovative heuristic framework,1994,Paper / Forest Products,6825,1973-12-28 08:04:29.918293
913,q1HbnP6x7N,"Deleon, Luna and Gregory",https://www.giles-leon.org/,Canada,Customer-focused mobile structure,1996,Computer Hardware,4170,1982-05-11 17:45:46.005114
914,RgTP7bSPUj,Gilbert-Woodward,https://www.weaver-sandoval.com/,Dominican Republic,Fully-configurable logistical secured line,1972,Banking / Mortgage,8144,1993-02-20 20:56:47.655854
915,4Zlnv5SIpH,"Evans, Ellison and Drake",http://friedman.com/,Hungary,Public-key regional project,2002,Aviation / Aerospace,5259,2012-05-04 21:04:43.006257
916,hKMtosCVju,"Wagner, Freeman and Levine",http://www.robles.net/,Lao People's Democratic Republic,Cloned holistic concept,1990,Food / Beverages,7345,1973-12-30 06:55:16.896653
917,9wNkOqa0Q7,"Richardson, Mendoza and Bender",http://gray.com/,Mongolia,Team-oriented next generation hub,2001,Professional Training,2917,1991-10-08 08:05:11.799121
918,u8XEtnGuoZ,"Odom, Rose and Berger",https://www.estes.biz/,New Caledonia,Automated background migration,2025,Sports,1605,1984-02-28 11:10:20.608489
919,FnXVuyVUzx,Collier-Calderon Design,http://www.davenport.biz/,Singapore,Administration if beautiful deep tell loss.,1971,Newspapers / Journalism,7533,1983-01-26 15:23:50.021551
920,gy7UzdGXI8,"Montes, Dodson and Neal",http://www.hendrix-shannon.net/,Iceland,Public-key bandwidth-monitored parallelism,1986,Dairy,2028,1981-09-07 07:23:31.709376
921,Xbn9EAwaoG,Dickerson-Short,http://www.cameron.com/,Cayman Islands,Ergonomic content-based implementation,1986,Hospital / Health Care,6877,1990-05-11 03:49:25.836020
922,MVpaFdJ4CV,"Ritter, Johnson and Church",https://www.hicks-pratt.com/,Myanmar,Advanced impactful time-frame,1996,Hospital / Health Care,5475,2010-06-25 22:55:31.659521
923,wNwJNRqpN7,Lozano-Rivers,https://www.garrett.biz/,Puerto Rico,Multi-layered content-based matrix,2009,Civic / Social Organization,9515,2019-08-25 23:05:41.988243
924,viiP3PpzqP,Hardy LLC,https://www.shea.info/,Jamaica,Team-oriented attitude-oriented collaboration,1977,Alternative Dispute Resolution,4171,2005-12-07 17:41:28.442823
925,aZ8BN6GCaB,Mcknight and Sons,https://www.mendez.com/,Georgia,Decentralized attitude-oriented frame,1990,Business Supplies / Equipment,5143,1974-12-07 23:07:55.984572
926,91d6wVGKYm,"Ali, Leach and Lucero",https://duran.com/,Netherlands,Triple-buffered full-range infrastructure,1988,Tobacco,7611,2015-01-10 12:05:59.967000
927,kkzRp61Rbv,Valenzuela-Roy,http://www.moreno.com/,Albania,Synergistic even-keeled emulation,1973,Library,5366,1970-04-18 21:01:35.224938
928,SWgvKbHRNj,Knox-Clarke,http://landry-hobbs.com/,Latvia,Digitized context-sensitive alliance,1991,Human Resources / HR,7451,2021-11-21 09:52:42.551891
929,OHj37Rg3Bm,Mcgee Inc,http://acosta.biz/,Sao Tome and Principe,Multi-lateral clear-thinking capability,1976,Farming,7675,2002-02-20 12:26:41.752406
930,F0EhDSFIWr,Krueger-Gillespie,https://www.hoover.com/,Kiribati,Innovative impactful process improvement,1992,Alternative Dispute Resolution,2089,2019-07-21 04:27:01.377885
931,qxhBaZ03W1,Sweeney Inc Germany,https://www.greer-walsh.com/,Spain,Relationship kid possible money.,1983,Legislative Office,3461,1973-05-19 20:53:25.514844
932,yT8FPFzUlB,Pennington Group,https://www.fitzgerald.com/,Cape Verde,Grass-roots analyzing function,2009,Other Industry,6618,1975-11-16 10:58:47.333787
933,G3pJCrsQra,"Hanson, Waller and Meadows Digital",https://parker.com/,New Zealand,Off look same entire finish cell film.,2026,Computer Networking,9372,1975-02-11 22:19:47.438181
934,EmMl3FLiDO,"Andrews, Larsen and Page",https://www.hutchinson-cline.com/,Montserrat,Upgradable zero administration extranet,2024,Wholesale,2124,2024-01-18 05:51:01.019647
935,W3AqUetehp,"Sullivan, Gardner and Bishop Security",https://may-klein.com/,Libyan Arab Jamahiriya,Protect cold color continue our.,1992,Electrical / Electronic Manufacturing,8923,1993-07-05 08:14:26.677521
936,pzrEq44I5S,"Stout, Werner and Powers",https://jennings.com/,Malawi,Upgradable explicit leverage,2014,Computer Hardware,2252,1976-11-15 17:11:05.851842
937,Vkzl8FGz8N,"Colon, Walter and Fritz Network",https://www.mercado.com/,Jersey,Official pressure bag read.,2024,Supermarkets,9805,1975-04-21 04:08:28.362532
938,bic4hX5DIX,Mcdowell-Mullen,http://www.hurst.com/,Jersey,Devolved object-oriented neural-net,1977,Non - Profit / Volunteering,7559,1978-02-22 22:37:45.072467
939,rkQl1tdQVx,Woodard-Kim,http://www.gonzalez.org/,United States Virgin Islands,User-friendly system-worthy monitoring,1975,Electrical / Electronic Manufacturing,2166,1989-02-27 01:14:03.627388
940,KRiPCRXPS8,Valenzuela Ltd Network,https://www.lloyd.com/,Malaysia,Style ok coach establish attention campaign anything.,2004,Printing,183,1977-02-09 22:54:59.025907
941,Q8sLIwlFpR,"Kramer, Spencer and Harris",https://www.thornton.org/,Panama,Vision-oriented well-modulated intranet,1994,Apparel / Fashion,9677,1988-09-11 21:55:55.849598
942,465vJnooBd,"Odom, Newman and Hampton",http://www.morgan-willis.com/,Mauritania,Monitored methodical budgetary management,2000,Commercial Real Estate,6717,1996-04-19 00:28:32.913602
943,XrCvR8ZwA2,"Murillo, Murray and Rogers",http://www.klein.com/,Slovakia (Slovak Republic),Optional methodical monitoring,2019,Translation / Localization,2540,2006-10-05 16:44:30.644268
944,bic4hX5DIX,Mcdowell-Mullen S.A.,http://www.hurst.com/,Jersey,Away TV behavior expect middle total business.,1977,Non - Profit / Volunteering,7559,1982-01-03 16:10:31.997351
945,TiLNS4veXM,Kennedy-Montoya,https://west-acosta.com/,Madagascar,Reverse-engineered reciprocal pricing structure,1974,Glass / Ceramics / Concrete,9281,1986-10-28 16:42:45.174649
946,wRNFbdCliq,Soto PLC Works,http://www.weaver-evans.com/,Saint Pierre and Miquelon,Red discover capital system suggest.,2001,Legislative Office,7486,2009-05-06 21:58:38.004222
947,lynWMiSeSD,Gates-Mercer LLC,http://www.nicholson.info/,Zimbabwe,Car it citizen much loss many.,2024,Consumer Services,5164,1975-02-09 08:30:47.910875
948,MoWa5cdMi4,Daniel-Novak,http://www.hall.com/,Yemen,Reduced non-volatile archive,2024,Fine Art,9846,1973-12-07 00:34:54.314999
949,bXUrkiBOCj,"Moreno, Harrington and Rush",https://guerra.com/,Venezuela,Balanced tangible groupware,2004,Museums / Institutions,2862,1998-07-26 19:35:23.958166
950,IOyDKdKOpm,Graves-Mcbride Europe,http://trujillo.com/,Togo,Side never your.,1995,Retail Industry,5842,1995-03-11 19:27:20.947037
951,4WUyO0ruOh,Myers-Alvarez,https://www.weiss.com/,Dominica,Phased 6thgeneration capacity,1981,Judiciary,2890,1972-08-18 04:58:28.619382
952,r5f097n5qK,George-Bass PLC,http://www.cowan.com/,Turks and Caicos Islands,Goal base many develop five.,2004,Staffing / Recruiting,4511,1992-01-05 04:56:11.054829
953,nWmp5nJqF0,"Lozano, Haley and Hardy",http://mccullough.com/,Sweden,Open-source disintermediate infrastructure,1994,Individual / Family Services,7564,2004-07-02 12:59:25.876133
954,fMz9b4P2jT,Romero PLC,https://www.fleming.net/,British Virgin Islands,Mandatory hybrid toolset,2015,Fundraising,8789,1991-04-16 14:46:46.491451
955,bQAJuc2ohB,Mcneil Group Network,https://marshall.com/,United Kingdom,Bad measure air hold coach think pretty west.,1985,Writing / Editing,2270,1976-07-14 08:51:23.538155
956,ouziCE2i9a,Payne-Mendez,http://banks-sanchez.com/,Bermuda,Proactive transitional complexity,1994,Veterinary,6455,2000-01-02 18:45:04.957179
957,geLm1zhF6H,"Foley, Nichols and Cain Pacific",https://www.randall.com/,Liechtenstein,National suggest plant put society remain.,1993,Railroad Manufacture,3870,1997-06-19 20:35:21.612352
958,b87zBj5Mvn,"English, Buck and Wood",http://walter-shelton.org/,India,Inverse intangible matrix,2008,Performing Arts,2834,1996-11-28 08:06:20.150048
959,qIAMTZLhD7,"Underwood, Jackson and Cooley",https://taylor.com/,Monaco,Enterprise-wide mission-critical secured line,2019,Professional Training,5981,1975-09-03 10:27:47.691843
960,k6zSBakx0s,"Maldonado, Peters and Barrett",https://case.org/,Swaziland,Triple-buffered systemic algorithm,2015,Facilities Services,5438,1980-01-23 01:48:24.944342
961,SBaAiVLkaF,"Cardenas, Prince and Best",http://www.fry.com/,Yemen,Robust web-enabled focus group,1991,Packaging / Containers,789,2019-03-12 03:29:59.171416
962,SZsIMXYqXA,Pierce-Palmer,https://www.garrett.com/,Uganda,Re-contextualized heuristic service-desk,2015,Fishery,3209,1986-08-06 11:51:11.164289
963,mtga8yaA2c,Mahoney-Duarte Systems,https://www.newton-gaines.com/,Nicaragua,Majority scientist share security camera key.,1980,Broadcast Media,9023,2009-11-19 21:30:33.641326
964,UdlAwOFdQY,"Rojas, Oliver and Baxter",http://www.patrick.com/,Congo,Quality-focused systematic conglomeration,1971,Food Production,2093,1980-01-07 20:59:48.949526
965,pGcrVPxlUq,Martinez-Floyd,http://barajas.com/,Hungary,Quality-focused solution-oriented protocol,1993,Alternative Medicine,6964,1990-11-13 12:05:04.970692
966,cie2rk5NwQ,"Villanueva, Blackwell and Lopez",https://hughes-powell.com/,Ghana,Vision-oriented grid-enabled toolset,1995,Alternative Dispute Resolution,5686,2015-06-05 19:11:32.583753
967,guVcAZvaqL,Flynn Ltd,http://www.hardy.biz/,Czech Republic,Polarized executive process improvement,2005,Individual / Family Services,7321,2022-12-21 06:51:41.337684
968,GZtpBflLFw,Rowe-Cabrera,https://www.howard.com/,Philippines,Reduced value-added time-frame,1982,Arts / Crafts,5970,2012-11-09 12:52:56.215765
969,3pOrNHuVLj,Rosales LLC,http://cochran.com/,Lesotho,Self-enabling background portal,1980,Insurance,9543,2019-04-15 03:22:05.765729
970,VgMP9yW3Ka,Hinton Group,https://patterson-edwards.info/,Serbia,Ameliorated multi-tasking projection,2014,Wholesale,1179,1979-02-03 07:18:33.327844
971,Lp5bgEixfQ,"Howard, Castillo and Estrada",https://odom.info/,Nauru,Enterprise-wide optimal benchmark,1989,Semiconductors,661,1977-05-11 14:10:02.629270
972,FUNH1OSFm1,Cervantes-Savage,http://hurley.com/,Gambia,Optional asynchronous migration,1998,Information Technology / IT,9069,2013-06-12 05:28:48.556334
973,h2CxwXsVEy,"Conrad, Fletcher and Weber",http://www.floyd.org/,Cote d'Ivoire,Synergized systemic frame,1975,Plastics,3964,1977-11-16 10:29:49.102155
974,3oBI1FyZ3E,"Beck, Robertson and Carson Software",http://www.craig.com/,Colombia,School field tax likely argue yeah open.,1976,Legislative Office,9854,1996-07-16 19:35:40.450061
975,9QrxjOJs7q,Kidd LLC,https://www.shepard.com/,Jersey,Organic zero tolerance contingency,2015,Textiles,6620,1987-08-09 00:46:09.170366
976,lus8HqzNnO,Harris LLC,https://fields.biz/,Sudan,Up-sized bottom-line project,1988,International Trade / Development,5723,1975-08-26 23:37:03.140413
977,N3ZGE5k49u,Dean-Cook Development,http://www.williamson.com/,Ecuador,Right put type hope positive effect true.,1975,Paper / Forest Products,2888,1993-06-23 16:01:27.311404
978,IIIEWXIUto,"Santiago, Spence and Newman USA",http://wood.com/,Swaziland,Parent board among town quite yes.,2026,Human Resources / HR,6731,2000-10-13 05:55:51.177808
979,5svmdxZZxc,Wood-Jensen PLC,https://www.merritt-petersen.com/,Monaco,Because name media what through model.,1991,Human Resources / HR,3442,1992-01-14 01:04:26.675980
980,hnMGwBry3G,Leach and Sons,https://www.lindsey.com/,Faroe Islands,Advanced actuating support,1991,Arts / Crafts,9853,1986-09-12 17:56:12.473909
981,cXpvFLK4RQ,Gibbs LLC,http://norton.com/,Heard Island and McDonald Islands,Reactive well-modulated emulation,1976,Individual / Family Services,4133,1995-12-13 09:03:09.350952
982,1yMJSePXYC,"Valentine, Phelps and Arias BV",https://www.meyers.com/,Bangladesh,Me finally strategy them with piece.,1975,Law Enforcement,6525,2014-12-23 14:51:13.556300
983,4a85DC7APh,Mosley-Santos,https://ortiz.org/,Tanzania,Team-oriented content-based conglomeration,1973,Executive Office,6130,2002-04-15 15:44:10.978000
984,X3f7r8uV1B,"Cochran, Ibarra and Norton",https://fleming.com/,Cook Islands,Intuitive foreground help-desk,1976,Gambling / Casinos,8308,1983-12-12 02:20:39.553541
985,DVrfz9zQI0,Daniels and Sons,https://mejia-klein.com/,Isle of Man,Synergized eco-centric collaboration,1990,Investment Banking / Venture,1208,2013-10-22 18:12:27.392300
986,74YprD4dRy,"Dominguez, Herring and Rocha",https://www.graham.biz/,Botswana,Function-based composite throughput,2003,Computer Games,9927,1981-04-18 09:02:21.196436
987,PmWCXzSvSy,Welch Inc,http://adams.info/,Hong Kong,Function-based executive model,1973,Information Technology / IT,9600,1980-08-17 19:55:31.731171
988,m2WAtntN31,Drake-Richmond,https://www.ochoa-dorsey.com/,Canada,Cross-group global capacity,1992,Automotive,3535,2011-04-05 21:05:41.273655
989,DeVoCSptvr,Reese-Carney,http://www.arellano-swanson.org/,Slovenia,Team-oriented dedicated pricing structure,2023,Farming,5027,2014-06-26 16:56:16.454633
990,esB9a3KPWM,Travis Inc,http://www.hahn.com/,Mauritius,Stand-alone zero administration knowledgebase,1987,Real Estate / Mortgage,2427,2014-05-07 22:32:02.350361
991,MDyiwa0OKo,Key LLC,https://www.sharp-parks.com/,Malta,Balanced content-based capability,1991,Import / Export,3529,2006-02-15 22:49:50.100226
992,KTGiLJicyT,"Richmond, Thompson and Santos Capital",https://hunt.com/,Czech Republic,Matter herself actually most music arrive.,2002,Animation,3253,2025-04-24 12:16:23.712556
993,TTb1xTHQw1,"Keith, Cole and Owen",https://cortez.com/,Ghana,User-friendly modular support,1986,Pharmaceuticals,6041,1995-02-10 16:28:07.511827
994,jDDKcPiaKH,"Burnett, Rich and Aguirre Limited",https://le.info/,Cayman Islands,Each course natural appear believe.,1989,Fishery,5595,1984-09-22 00:19:58.188667
995,kD5qzeNXxO,Mercado-Nguyen,http://short-ray.com/,French Polynesia,Mandatory object-oriented forecast,1977,Newspapers / Journalism,7530,2010-01-21 10:39:24.180677
996,F2BrOJlsyB,"Stout, Golden and Wiggins",https://crosby.com/,Ghana,Profound client-driven protocol,2000,Primary / Secondary Education,496,2024-10-17 09:45:45.312183
997,0jsHGZmqMB,Richards Group Pty Ltd,https://www.keith-wallace.com/,Uzbekistan,Trip senior human.,2015,Public Safety,9079,1999-10-07 04:57:26.961275
998,GZfh9JrMeL,Duffy Inc Co.,http://hahn-chung.com/,Aruba,Artist care letter should choice.,1988,Newspapers / Journalism,1044,1970-01-01 19:51:49.125373
999,Vt8q8VJZ5b,"Blake, Sosa and Harmon",https://mcdonald-crane.com/,Iran,Up-sized uniform challenge,1995,International Trade / Development,894,1982-08-05 04:19:12.840295
1000,ATvK8YTfzy,"Heath, Curtis and Rowland",http://www.beck-conway.org/,Tokelau,Object-based analyzing parallelism,1972,Library,7044,1983-01-01 16:07:09.286772
